username,time,msg,gift,num
SATURN,2021-02-05 20:38:31,今天不播了吗,,
七七,2021-02-05 20:38:43,今天休息,,
七七,2021-02-05 20:38:55,只有重播,,
『F.A.…,2021-02-05 20:39:16,,虎粮,20
蛋蛋,2021-02-05 20:39:28,,虎粮,10
东镇刘德华,2021-02-05 20:39:29,,虎粮,10
闷闷,2021-02-05 20:40:07,,虎粮,30
丢了个丢丢,2021-02-05 20:40:14,牧羊骡呢？,,
别无所谓,2021-02-05 20:40:26,,虎粮,20
闷闷,2021-02-05 20:40:39,,虎粮,10
`烟`嘴`,2021-02-05 20:41:16,"这已经不是日常迟到的问题了,这是日常旷工啊",,
啊马,2021-02-05 20:41:26,,虎粮,30
我是一颗小虎牙,2021-02-05 20:41:45,wo gan,,
衡山派后学…,2021-02-05 20:41:49,,虎粮,1
我是一颗小虎牙,2021-02-05 20:41:49,老骚今刚埋了。,,
衡山派后学…,2021-02-05 20:41:52,,虎粮,1
夜幕尔相依…,2021-02-05 20:41:52,,虎粮,10
我是一颗小虎牙,2021-02-05 20:41:54,我刚看明白这个房间号。。。。,,
夜幕尔相依…,2021-02-05 20:41:57,,虎粮,10
衡山派后学…,2021-02-05 20:41:57,,虎粮,1
林荫下的石…,2021-02-05 20:42:28,,虎粮,10
林荫下的石…,2021-02-05 20:42:34,,虎粮,10
我是过路的,2021-02-05 20:42:53,,虎粮,10
我是过路的,2021-02-05 20:42:56,,虎粮,10
骚粉1号,2021-02-05 20:43:12,,虎粮,30
骚粉1号,2021-02-05 20:43:12,,虎粮,10
骚粉1号,2021-02-05 20:43:15,,虎粮,1
骚粉1号,2021-02-05 20:43:19,,虎粮,1
暗夜pz,2021-02-05 20:43:22,,虎粮,1
小浣熊,2021-02-05 20:43:22,,虎粮,10
暗夜pz,2021-02-05 20:43:25,,虎粮,1
小浣熊,2021-02-05 20:43:26,,虎粮,10
暗夜pz,2021-02-05 20:43:29,,虎粮,1
暗夜pz,2021-02-05 20:43:33,,虎粮,1
搬砖的浪人,2021-02-05 20:44:12,,虎粮,10
搬砖的浪人,2021-02-05 20:44:16,,虎粮,10
搬砖的浪人,2021-02-05 20:44:16,,虎粮,1
一二没三,2021-02-05 20:44:36,,虎粮,30
我懒得打,2021-02-05 20:45:01,,虎粮,22
CAM疯-…,2021-02-05 20:45:49,,虎粮,10
奔波儿灞,2021-02-05 20:46:16,,虎粮,35
心飞扬,2021-02-05 20:46:21,,虎粮,30
心飞扬,2021-02-05 20:46:21,,虎粮,10
心飞扬,2021-02-05 20:46:25,,虎粮,10
走走停停灬,2021-02-05 20:47:11,,虎粮,300
、、杰少、…,2021-02-05 20:47:30,,虎粮,67
宋一血先森,2021-02-05 20:48:10,旷工啊,,
宋一血先森,2021-02-05 20:48:20,臭不要脸的,,
小枢枢,2021-02-05 20:49:12,,虎粮,1
前生旧梦,2021-02-05 20:49:27,,虎粮,1
前生旧梦,2021-02-05 20:49:32,,虎粮,10
前生旧梦,2021-02-05 20:49:38,,虎粮,10
上网来,2021-02-05 20:50:04,,虎粮,30
茗熙君,2021-02-05 20:51:04,,虎粮,10
失忆是一个…,2021-02-05 20:51:05,,虎粮,30
失忆是一个…,2021-02-05 20:51:05,,虎粮,10
失忆是一个…,2021-02-05 20:51:11,,虎粮,10
失忆是一个…,2021-02-05 20:51:11,,虎粮,1
白沙无影,2021-02-05 20:51:17,,虎粮,10
白沙无影,2021-02-05 20:51:23,,虎粮,10
白沙无影,2021-02-05 20:51:31,先上香,,
一直狠丶淡定,2021-02-05 20:51:58,有不来,,
会飞de渔,2021-02-05 20:52:06,,虎粮,1
聪前,2021-02-05 20:52:06,,虎粮,10
巴伐利亚啤…,2021-02-05 20:52:07,,虎粮,30
一直狠丶淡…,2021-02-05 20:52:07,,虎粮,30
草原翱翔,2021-02-05 20:52:07,,虎粮,30
会飞de渔,2021-02-05 20:52:07,,虎粮,1
一直狠丶淡…,2021-02-05 20:52:07,,虎粮,30
会飞de渔,2021-02-05 20:52:16,,虎粮,1
靑,2021-02-05 20:52:25,,虎粮,1
人就是江湖,2021-02-05 20:52:43,,虎粮,25
-雪景寒林…,2021-02-05 20:52:43,,虎粮,1
-雪景寒林…,2021-02-05 20:52:51,,虎粮,1
地狱不空灬…,2021-02-05 20:53:15,,虎粮,10
地狱不空灬…,2021-02-05 20:53:23,,虎粮,10
爆爆爆爆爆…,2021-02-05 20:53:56,,虎粮,1
骚哥查鼎,2021-02-05 20:54:13,,虎粮,30
佛尔梅洛之…,2021-02-05 20:54:22,,虎粮,50
风雪夜归人,2021-02-05 20:55:05,,虎粮,5
小楼夜听雨,2021-02-05 20:55:31,骡子虽然已经走了 但是永远活在我们心里,,
天煞孤星,2021-02-05 20:55:40,,虎粮,1
33Sva…,2021-02-05 20:55:49,,虎粮,1
33Sva…,2021-02-05 20:55:58,,虎粮,1
Crowl…,2021-02-05 20:55:58,,虎粮,1
Crowl…,2021-02-05 20:56:08,,虎粮,1
Crowl…,2021-02-05 20:56:17,,虎粮,1
红药灬知为…,2021-02-05 20:56:17,,虎粮,1
Darli…,2021-02-05 20:56:27,,虎粮,10
Darli…,2021-02-05 20:56:36,,虎粮,10
Crowl…,2021-02-05 20:56:36,,虎粮,10
草原掏缸王,2021-02-05 20:56:37,一鞠躬,,
Crowl…,2021-02-05 20:56:37,,虎粮,10
北风,2021-02-05 20:56:56,,虎粮,76
冯_逗,2021-02-05 20:57:05,,虎粮,66
西伯利亚虎,2021-02-05 20:57:05,,虎粮,1
么么,2021-02-05 20:57:05,,虎粮,30
冯_逗,2021-02-05 20:57:06,,虎粮,8
么么,2021-02-05 20:57:15,,虎粮,30
薛小盒,2021-02-05 20:57:53,,虎粮,10
薛小盒,2021-02-05 20:58:02,,虎粮,10
流年,2021-02-05 20:58:03,,虎粮,10
骚年的大表哥,2021-02-05 20:58:03,?,,
流年,2021-02-05 20:58:12,,虎粮,10
无痕,2021-02-05 20:58:13,,虎粮,10
无痕,2021-02-05 20:58:24,,虎粮,10
凡尘葬爱,2021-02-05 20:58:46,,虎粮,56
凡尘葬爱,2021-02-05 20:58:57,,虎粮,1
Mr.卿,2021-02-05 20:59:12,谁知道他今天还播不,,
Mr.卿,2021-02-05 20:59:44,有人在群里不问问去,,
骚浪大保健,2021-02-05 20:59:44,,虎粮,10
班迪不听电,2021-02-05 20:59:44,？？,,
骚浪大保健,2021-02-05 20:59:45,,虎粮,10
班迪不听电,2021-02-05 20:59:55,骚骡子呢,,
我是一颗小虎牙,2021-02-05 21:00:05,又拉了,,
班迪不听电,2021-02-05 21:00:24,,虎粮,30
班迪不听电,2021-02-05 21:00:25,,虎粮,10
活光丶,2021-02-05 21:00:35,,虎粮,3
一 如…,2021-02-05 21:00:35,,虎粮,15
大秦丨荣耀,2021-02-05 21:00:46,,虎粮,30
流年,2021-02-05 21:00:46,是不是阳性了,,
大秦丨荣耀,2021-02-05 21:00:46,,虎粮,10
大秦丨荣耀,2021-02-05 21:00:46,,虎粮,10
我和老骚对…,2021-02-05 21:01:18,,虎粮,30
逍遥de军…,2021-02-05 21:03:12,,虎粮,47
黑色旋律,2021-02-05 21:03:21,,虎粮,1
szmlr…,2021-02-05 21:03:31,,虎粮,1
抓财小手,2021-02-05 21:03:51,,虎粮,66
抓财小手,2021-02-05 21:04:00,,虎粮,30
抓财小手,2021-02-05 21:04:00,,虎粮,10
抓财小手,2021-02-05 21:04:00,,虎粮,1
抓财小手,2021-02-05 21:04:01,,虎粮,1
我是一颗小虎牙,2021-02-05 21:04:11,拉了,,
不抄完法条…,2021-02-05 21:04:23,,虎粮,10
还是看骚哥…,2021-02-05 21:04:36,,虎粮,40
凋零,2021-02-05 21:05:31,?????,,
皮蛋和毛球…,2021-02-05 21:05:31,,虎粮,26
徽记小圆盾,2021-02-05 21:05:43,,虎粮,1
徽记小圆盾,2021-02-05 21:05:43,,虎粮,1
徽记小圆盾,2021-02-05 21:05:43,,虎粮,10
徽记小圆盾,2021-02-05 21:05:43,,虎粮,10
起风了,2021-02-05 21:05:54,,虎粮,10
徽记小圆盾,2021-02-05 21:05:55,,虎粮,10
羊丶仔,2021-02-05 21:06:08,又旷工啦？,,
起风了,2021-02-05 21:06:08,,虎粮,10
,2021-02-05 21:06:21,,虎粮,
我是一颗小…,2021-02-05 21:06:21,,虎粮,10
起风了,2021-02-05 21:06:21,,虎粮,10
我是一颗小…,2021-02-05 21:06:21,,虎粮,10
老骚的未来…,2021-02-05 21:06:32,,虎粮,30
roger…,2021-02-05 21:06:33,,虎粮,10
老骚的未来…,2021-02-05 21:06:33,,虎粮,10
roger…,2021-02-05 21:06:33,,虎粮,10
roger…,2021-02-05 21:06:33,,虎粮,1
roger…,2021-02-05 21:06:43,,虎粮,1
毁寂,2021-02-05 21:06:44,,虎粮,10
毁寂,2021-02-05 21:06:54,,虎粮,1
毁寂,2021-02-05 21:06:54,,虎粮,1
十年坦克老…,2021-02-05 21:07:25,,虎粮,1
十年坦克老…,2021-02-05 21:07:36,,虎粮,1
十年坦克老…,2021-02-05 21:07:36,,虎粮,1
Yolan…,2021-02-05 21:07:46,,虎粮,40
风流倜傥一…,2021-02-05 21:07:46,,虎粮,30
风流倜傥一…,2021-02-05 21:07:56,,虎粮,10
风流倜傥一…,2021-02-05 21:07:57,,虎粮,10
羊猪蛇,2021-02-05 21:08:27,,虎粮,39
灰机灰常灰,2021-02-05 21:08:58,今天不播？？,,
*奔小康*,2021-02-05 21:09:19,,虎粮,30
*奔小康*,2021-02-05 21:09:19,,虎粮,10
*奔小康*,2021-02-05 21:09:19,,虎粮,10
团爷粉丝,2021-02-05 21:09:29,回放,,
黑化肥发黑…,2021-02-05 21:10:00,,虎粮,1
墨云,2021-02-05 21:10:12,,虎粮,1
剑凰-无双,2021-02-05 21:10:21,,虎粮,5
墨云,2021-02-05 21:10:45,,虎粮,29
灰机灰常灰,2021-02-05 21:10:54,回老家了？,,
狼王-v-强,2021-02-05 21:11:05,拉到裤子里的熊种玩意,,
仙童 -,2021-02-05 21:11:15,,虎粮,10
仙童 -,2021-02-05 21:11:16,1,,
改名字就是…,2021-02-05 21:11:34,,虎粮,1
我是一个小苹果,2021-02-05 21:11:34,举报了,,
改名字就是…,2021-02-05 21:11:44,,虎粮,1
改名字就是…,2021-02-05 21:11:44,,虎粮,10
落一叶而知…,2021-02-05 21:12:16,,虎粮,30
无所畏惧的…,2021-02-05 21:12:16,,虎粮,75
老骚只有一…,2021-02-05 21:12:55,,虎粮,31
我是一颗小…,2021-02-05 21:12:55,,虎粮,50
大仙家的小…,2021-02-05 21:13:26,,虎粮,1
我是一颗小虎牙,2021-02-05 21:13:26,房管呢，出来说一下,,
大仙家的小…,2021-02-05 21:13:36,,虎粮,1
Solos…,2021-02-05 21:14:15,,虎粮,30
特热热热热…,2021-02-05 21:16:07,,虎粮,30
★老莫★,2021-02-05 21:16:07,,虎粮,7
总是独行,2021-02-05 21:16:07,,虎粮,46
野人,2021-02-05 21:16:17,,虎粮,30
゛一碗孟婆汤ギ,2021-02-05 21:16:17,骚骡子 今天又怎么了,,
野人,2021-02-05 21:16:28,,虎粮,10
断弦儿的二…,2021-02-05 21:16:28,,虎粮,1
逍遥娃娃,2021-02-05 21:16:50,回老家了,,
久留,2021-02-05 21:17:01,,虎粮,30
"—__,—",2021-02-05 21:17:01,,虎粮,10
TOP战士,2021-02-05 21:17:25,,虎粮,1
TOP战士,2021-02-05 21:17:25,,虎粮,1
ɢᵒᵒᵈ …,2021-02-05 21:17:58,,虎粮,30
ɢᵒᵒᵈ …,2021-02-05 21:18:09,,虎粮,10
ɢᵒᵒᵈ …,2021-02-05 21:18:09,,虎粮,10
快乐小宝a…,2021-02-05 21:18:20,,虎粮,10
wyd,2021-02-05 21:18:43,,虎粮,30
巅峰丶壕沟,2021-02-05 21:18:43,,虎粮,10
wyd,2021-02-05 21:18:52,,虎粮,30
巅峰丶壕沟,2021-02-05 21:18:53,,虎粮,10
巅峰丶壕沟,2021-02-05 21:18:53,,虎粮,1
巅峰丶壕沟,2021-02-05 21:19:04,,虎粮,1
言中鹤-艾甫,2021-02-05 21:19:14,他说播得，放鸽子,,
老骚的第四个粉丝,2021-02-05 21:19:14,鸽了？,,
努力晨,2021-02-05 21:19:25,今天又被抓了吗,,
八宝山上唱…,2021-02-05 21:19:25,,虎粮,10
努力晨,2021-02-05 21:19:25,,虎粮,1
努力晨,2021-02-05 21:19:37,,虎粮,1
努力晨,2021-02-05 21:19:48,,虎粮,1
努力晨,2021-02-05 21:19:48,,虎粮,1
野猪佩琪-…,2021-02-05 21:19:48,,虎粮,30
linkp…,2021-02-05 21:20:22,,虎粮,10
我是一颗小…,2021-02-05 21:20:34,,虎粮,30
我是一颗小…,2021-02-05 21:20:34,,虎粮,1
我是一颗小…,2021-02-05 21:20:34,,虎粮,1
武侠迷,2021-02-05 21:21:09,,虎粮,30
月华沉梦,2021-02-05 21:21:30,,虎粮,10
月华沉梦,2021-02-05 21:21:42,,虎粮,10
简单是最复…,2021-02-05 21:21:42,,虎粮,51
无为法师,2021-02-05 21:22:18,,虎粮,40
,2021-02-05 21:22:43,,虎粮,
,2021-02-05 21:22:43,,虎粮,
,2021-02-05 21:22:43,,虎粮,
前程似锦,2021-02-05 21:22:43,,虎粮,1
『旧梦空城…,2021-02-05 21:22:44,,虎粮,10
前程似锦,2021-02-05 21:22:44,,虎粮,1
前程似锦,2021-02-05 21:22:44,,虎粮,1
前程似锦,2021-02-05 21:22:55,,虎粮,1
佛问迦南,2021-02-05 21:22:55,,虎粮,45
扛根小炮闯…,2021-02-05 21:22:55,,虎粮,30
扛根小炮闯…,2021-02-05 21:22:55,,虎粮,30
丶莫倾颜,2021-02-05 21:23:16,,虎粮,1
我是一棵小…,2021-02-05 21:23:16,,虎粮,23
rEDbU…,2021-02-05 21:23:26,,虎粮,1
历史的战火,2021-02-05 21:23:37,,虎粮,10
zls,2021-02-05 21:23:37,,虎粮,10
zls,2021-02-05 21:23:38,,虎粮,10
zls,2021-02-05 21:23:38,,虎粮,1
zls,2021-02-05 21:23:47,,虎粮,1
历史的战火,2021-02-05 21:23:47,,虎粮,10
历史的战火,2021-02-05 21:23:47,,虎粮,1
苍茫一生,2021-02-05 21:24:17,,虎粮,10
苍茫一生,2021-02-05 21:24:27,,虎粮,10
NewBe…,2021-02-05 21:24:50,,虎粮,10
NewBe…,2021-02-05 21:24:50,,虎粮,10
我是一颗小…,2021-02-05 21:25:02,,虎粮,1
我是一颗小…,2021-02-05 21:25:02,,虎粮,1
取名字限制…,2021-02-05 21:25:02,,虎粮,1
帅比大大大,2021-02-05 21:25:25,,虎粮,1
帅比大大大,2021-02-05 21:25:25,,虎粮,1
,2021-02-05 21:25:38,,虎粮,
,2021-02-05 21:25:38,,虎粮,
丢丢吃呆呆,2021-02-05 21:25:38,,虎粮,10
丢丢吃呆呆,2021-02-05 21:25:39,,虎粮,1
第八號當鋪,2021-02-05 21:25:39,,虎粮,1
丢丢吃呆呆,2021-02-05 21:25:39,,虎粮,1
Demon…,2021-02-05 21:25:50,,虎粮,10
Demon…,2021-02-05 21:26:01,,虎粮,10
Demon…,2021-02-05 21:26:02,,虎粮,1
Demon…,2021-02-05 21:26:02,,虎粮,1
萧雪白夜,2021-02-05 21:26:14,,虎粮,10
丢丢吃呆呆,2021-02-05 21:26:23,线长不让下班，在加班呢,,
晃悠晃悠,2021-02-05 21:26:24,今天拉了？？,,
晃悠晃悠,2021-02-05 21:26:45,又是一个拉胯玩意儿,,
几只鸭子门…,2021-02-05 21:27:08,,虎粮,10
几只鸭子门…,2021-02-05 21:27:08,,虎粮,10
uNpluG,2021-02-05 21:27:08,,血瓶,1
笨羊羊,2021-02-05 21:27:54,,虎粮,10
假面舞会,2021-02-05 21:28:05,,虎粮,1
假面舞会,2021-02-05 21:28:15,,虎粮,1
孤言寡语,2021-02-05 21:29:13,,虎粮,34
兮兮人,2021-02-05 21:29:24,,虎粮,36
醉卧灯火阑…,2021-02-05 21:29:37,,虎粮,35
刚的一匹,2021-02-05 21:29:48,拉胯的没来,,
蛋蛋的忧伤,2021-02-05 21:30:09,,虎粮,1
泰迪鸭大,2021-02-05 21:31:38,,虎粮,10
OpduannO1,2021-02-05 21:31:48,又不播了这货,,
Opdua…,2021-02-05 21:31:48,,虎粮,19
唯爱星空,2021-02-05 21:32:19,,虎粮,10
笨蛋、我爱…,2021-02-05 21:32:40,,虎粮,10
笨蛋、我爱…,2021-02-05 21:32:40,,虎粮,10
' River,2021-02-05 21:32:51,这货有点任性啊,,
大哥被抓边看边刷,2021-02-05 21:33:31,？,,
果汁,2021-02-05 21:33:41,,虎粮,1
果汁,2021-02-05 21:33:52,,虎粮,1
谪华,2021-02-05 21:34:02,,虎粮,10
谪华,2021-02-05 21:34:12,,虎粮,10
小熊、【木桃酱】,2021-02-05 21:36:16,,,
殇雪,2021-02-05 21:36:26,上次说好的的，请假的,,
幸福的仙,2021-02-05 21:36:59,,虎粮,10
幸福的仙,2021-02-05 21:36:59,,虎粮,10
幸福的仙,2021-02-05 21:37:11,,虎粮,10
暗夜,2021-02-05 21:37:21,,虎粮,1
每天吃群小妖怪,2021-02-05 21:37:21,几个意思 骚哥人呢,,
暗夜,2021-02-05 21:37:21,,虎粮,1
HuGeE…,2021-02-05 21:37:21,,虎粮,51
【】 娱 …,2021-02-05 21:37:32,,虎粮,30
【】 娱 …,2021-02-05 21:37:32,,虎粮,30
【】 娱 …,2021-02-05 21:37:33,,虎粮,1
秃驴哪里走,2021-02-05 21:38:35,,虎粮,30
骚哥帅,2021-02-05 21:38:55,拉倒了,,
梦远方,2021-02-05 21:38:55,拉了,,
-、安宁,2021-02-05 21:38:55,,虎粮,47
童话,2021-02-05 21:39:06,,虎粮,10
童话,2021-02-05 21:39:06,,虎粮,10
╰ゝ生 活…,2021-02-05 21:39:15,,虎粮,10
骚哥粉丝来也,2021-02-05 21:39:15,6,,
骚哥粉丝来…,2021-02-05 21:39:16,,虎粮,1
╰ゝ生 活…,2021-02-05 21:39:16,,虎粮,10
╰ゝ生 活…,2021-02-05 21:39:16,,虎粮,1
德丽莎世界第一可爱,2021-02-05 21:39:16,骡子回家了,,
╰ゝ生 活…,2021-02-05 21:39:26,,虎粮,1
骚哥帅,2021-02-05 21:39:27,需要帮他找急救吗,,
德丽莎世界…,2021-02-05 21:39:39,,虎粮,42
骚哥帅,2021-02-05 21:39:49,别拉坏了,,
直线,2021-02-05 21:39:49,,虎粮,60
海之子,2021-02-05 21:40:10,,虎粮,10
诺天羽,2021-02-05 21:40:19,,虎粮,1
骚哥帅,2021-02-05 21:40:30,骚哥在吗……拉的还受得了吗？不行去看看,,
重酒石酸去…,2021-02-05 21:40:40,,虎粮,30
重酒石酸去…,2021-02-05 21:40:41,,虎粮,10
重酒石酸去…,2021-02-05 21:40:41,,虎粮,1
重酒石酸去…,2021-02-05 21:40:41,,虎粮,1
凝望,2021-02-05 21:41:01,,虎粮,10
老骚家的户…,2021-02-05 21:41:12,,虎粮,25
钱包太骨感…,2021-02-05 21:41:12,,虎粮,10
凝望,2021-02-05 21:41:12,,虎粮,10
钱包太骨感…,2021-02-05 21:41:12,,虎粮,10
甜出糖来,2021-02-05 21:41:34,,虎粮,10
我是一颗小…,2021-02-05 21:41:34,,虎粮,10
莫名,2021-02-05 21:41:43,,虎粮,10
骚年的24…,2021-02-05 21:41:44,,虎粮,72
96年天蝎…,2021-02-05 21:41:55,,虎粮,1
姑墨水语、…,2021-02-05 21:42:06,,虎粮,30
别打我啊我…,2021-02-05 21:43:10,,虎粮,1
司马天怡,2021-02-05 21:43:20,,虎粮,8
薰衣草的浪…,2021-02-05 21:43:20,,虎粮,1
薰衣草的浪…,2021-02-05 21:43:31,,虎粮,19
没爬过山过…,2021-02-05 21:43:31,,虎粮,66
别打我啊我…,2021-02-05 21:43:31,,虎粮,1
凯,2021-02-05 21:43:42,,虎粮,10
我家公驴把…,2021-02-05 21:43:51,,虎粮,1
我是一棵小…,2021-02-05 21:43:52,,虎粮,1
萝卜缨子,2021-02-05 21:44:44,,虎粮,10
璀璨,2021-02-05 21:44:44,,虎粮,1
骚还记得赤…,2021-02-05 21:44:44,,爆竹,1
萝卜缨子,2021-02-05 21:44:44,,虎粮,10
北纬438…,2021-02-05 21:44:44,,虎粮,30
璀璨,2021-02-05 21:44:54,,虎粮,1
林老尸,2021-02-05 21:44:54,,虎粮,10
北海碎人心,2021-02-05 21:45:04,,虎粮,10
林老尸,2021-02-05 21:45:04,,虎粮,10
北海碎人心,2021-02-05 21:45:04,,虎粮,1
Quiet…,2021-02-05 21:45:04,,虎粮,1
北海碎人心,2021-02-05 21:45:15,,虎粮,1
Quiet…,2021-02-05 21:45:15,,虎粮,1
坦然逃跑,2021-02-05 21:45:15,,虎粮,10
坦然逃跑,2021-02-05 21:45:15,,虎粮,1
坦然逃跑,2021-02-05 21:45:25,,虎粮,1
-益达-,2021-02-05 21:46:09,,虎粮,1
-益达-,2021-02-05 21:46:22,,虎粮,1
锦云、永恒…,2021-02-05 21:47:28,,虎粮,1
我三姐夫的…,2021-02-05 21:47:49,,虎粮,60
木易,2021-02-05 21:47:59,,虎粮,30
木易,2021-02-05 21:47:59,,虎粮,10
木易,2021-02-05 21:47:59,,虎粮,10
我女朋友,2021-02-05 21:48:32,,虎粮,30
我女朋友,2021-02-05 21:48:32,,虎粮,30
↑↑十♀四…,2021-02-05 21:49:15,,虎粮,1
↑↑十♀四…,2021-02-05 21:49:15,,虎粮,1
侠客行丶黄…,2021-02-05 21:49:25,,虎粮,40
快叫我犀牛…,2021-02-05 21:49:26,,虎粮,30
千叶千勋,2021-02-05 21:49:26,,虎粮,15
低保户,2021-02-05 21:49:38,完了,,
老鱼,2021-02-05 21:49:59,,虎粮,30
低保户,2021-02-05 21:50:11,,虎粮,1
骚骡,2021-02-05 21:51:49,又进去了？,,
快看那是我大哥,2021-02-05 21:52:27,今天这货不直播了吗,,
独自去流浪,2021-02-05 21:52:50,,虎粮,10
白色,2021-02-05 21:52:50,,虎粮,10
久帝-大大老爷,2021-02-05 21:52:51,回家了,,
独自去流浪,2021-02-05 21:52:51,,虎粮,10
白色,2021-02-05 21:52:51,,虎粮,1
千城,2021-02-05 21:52:51,,虎粮,30
千城,2021-02-05 21:52:51,,虎粮,10
白色,2021-02-05 21:53:03,,虎粮,1
做梦的坦克,2021-02-05 21:53:14,,虎粮,30
毛脸雷公嘴…,2021-02-05 21:53:14,,虎粮,66
哲布慧·娜…,2021-02-05 21:53:39,,虎粮,1
GED丶聋…,2021-02-05 21:54:11,,虎粮,1
风云 大叔,2021-02-05 21:54:11,,虎粮,66
老玉米,2021-02-05 21:54:11,擦，这个拉给,,
GED丶聋…,2021-02-05 21:54:11,,虎粮,1
龍,2021-02-05 21:54:32,,虎粮,30
A隐狼A,2021-02-05 21:54:32,,虎粮,10
龍,2021-02-05 21:54:32,,虎粮,10
BEIMI…,2021-02-05 21:54:43,,虎粮,50
龍,2021-02-05 21:54:43,,虎粮,10
『龙骑メ闪…,2021-02-05 21:54:54,,虎粮,1
『龙骑メ闪…,2021-02-05 21:55:08,,虎粮,1
霸戰你的灵…,2021-02-05 21:55:20,,虎粮,1
浓缩猫尿,2021-02-05 21:55:20,明天播,,
小白,2021-02-05 21:55:31,,虎粮,1
骚哥的小娇…,2021-02-05 21:55:31,,虎粮,21
浓缩猫尿,2021-02-05 21:55:31,,虎粮,30
小白,2021-02-05 21:55:32,,虎粮,30
你怎么还不…,2021-02-05 21:55:43,,虎粮,30
小白,2021-02-05 21:55:43,,虎粮,1
小白,2021-02-05 21:55:55,,虎粮,1
深知不顾,2021-02-05 21:56:07,,虎粮,30
深知不顾,2021-02-05 21:56:07,,虎粮,10
似是而非,2021-02-05 21:56:07,,虎粮,1
深知不顾,2021-02-05 21:56:07,,虎粮,1
似是而非,2021-02-05 21:56:17,,虎粮,1
深知不顾,2021-02-05 21:56:17,,虎粮,1
暴风禁断,2021-02-05 21:56:26,,虎粮,10
暴风禁断,2021-02-05 21:56:27,,虎粮,10
Jitian,2021-02-05 21:56:37,,虎粮,30
忆、往惜,2021-02-05 21:57:05,,虎粮,30
不过如此,2021-02-05 21:57:05,,虎粮,1
不过如此,2021-02-05 21:57:14,,虎粮,1
不过如此,2021-02-05 21:57:14,,虎粮,10
不过如此,2021-02-05 21:57:14,,虎粮,10
【3868…,2021-02-05 21:57:33,,虎粮,1
【3868…,2021-02-05 21:57:33,,虎粮,1
Jason…,2021-02-05 21:58:12,,虎粮,40
為你抵挡,2021-02-05 21:58:12,,虎粮,30
為你抵挡,2021-02-05 21:58:21,,虎粮,10
為你抵挡,2021-02-05 21:58:21,,虎粮,10
0500090360,2021-02-05 21:58:31,这不拉了,,
Only,2021-02-05 21:58:41,,虎粮,30
请叫我王先…,2021-02-05 21:58:50,,虎粮,10
赵山河,2021-02-05 21:59:09,,虎粮,10
赵山河,2021-02-05 21:59:19,,虎粮,10
晨曦若曦,2021-02-05 21:59:29,,虎粮,66
Slut,2021-02-05 21:59:58,,虎粮,36
踢丈母娘的驴,2021-02-05 22:00:26,这是直播吗,,
我有两颗小…,2021-02-05 22:00:46,,虎粮,1
我有两颗小…,2021-02-05 22:00:46,,虎粮,1
我有两颗小…,2021-02-05 22:00:46,,虎粮,10
我有两颗小…,2021-02-05 22:00:55,,虎粮,10
我有两颗小…,2021-02-05 22:00:55,,虎粮,1
我有两颗小…,2021-02-05 22:01:05,,虎粮,1
`⌒`萌悟…,2021-02-05 22:01:53,,虎粮,10
`⌒`萌悟…,2021-02-05 22:01:53,,虎粮,10
`⌒`萌悟…,2021-02-05 22:01:53,,虎粮,8
lam,2021-02-05 22:02:22,,虎粮,20
秦逸风,2021-02-05 22:02:32,,虎粮,10
挽墨亦轻书…,2021-02-05 22:03:01,,虎粮,1
懒得理你,2021-02-05 22:03:40,,虎粮,10
懒得理你,2021-02-05 22:03:40,,虎粮,10
踏惊涛骇浪…,2021-02-05 22:03:49,,虎粮,40
BK2O1,2021-02-05 22:04:10,,虎粮,1
万事随心,2021-02-05 22:04:48,,虎粮,54
Xz-玉总,2021-02-05 22:05:27,,虎粮,1
81194,2021-02-05 22:05:27,,虎粮,1
81194,2021-02-05 22:05:27,,虎粮,1
随你便,2021-02-05 22:06:05,,虎粮,10
随你便,2021-02-05 22:06:15,,虎粮,10
瑾瑜,2021-02-05 22:07:07,,虎粮,1
瑾瑜,2021-02-05 22:07:07,,虎粮,1
瑾瑜,2021-02-05 22:07:07,,虎粮,1
热心好市民…,2021-02-05 22:07:37,,虎粮,1
,2021-02-05 22:07:47,,虎粮,10
,2021-02-05 22:07:56,,虎粮,10
,2021-02-05 22:07:56,,虎粮,1
,2021-02-05 22:07:56,,虎粮,1
MicA1,2021-02-05 22:08:06,,虎粮,9
奈何桥边摆…,2021-02-05 22:08:16,,虎粮,30
徽记小圆盾,2021-02-05 22:08:16,,虎粮,1
xm警备区,2021-02-05 22:08:25,,虎粮,1
z886,2021-02-05 22:08:26,回家了？,,
徽记小圆盾,2021-02-05 22:08:35,,虎粮,1
九五至尊,2021-02-05 22:08:36,,虎粮,10
LIKE,2021-02-05 22:08:36,,虎粮,25
九五至尊,2021-02-05 22:08:36,,虎粮,10
九五至尊,2021-02-05 22:08:36,,虎粮,1
九五至尊,2021-02-05 22:08:45,,虎粮,1
言轩,2021-02-05 22:09:05,,虎粮,1
小齐先生,2021-02-05 22:09:05,,虎粮,27
言轩,2021-02-05 22:09:05,,虎粮,1
無夜風,2021-02-05 22:09:15,,虎粮,77
言轩,2021-02-05 22:09:15,,虎粮,1
嗄末初秌灬…,2021-02-05 22:09:15,,虎粮,10
黑光,2021-02-05 22:09:25,,虎粮,1
张坦克的毛裤,2021-02-05 22:09:25,老骚不是说要播的么? 播个机儿?,,
高小雨,2021-02-05 22:09:35,,虎粮,1
张坦克的毛裤,2021-02-05 22:09:44,老骚不是说要播的么? 播个机儿?,,
SamLee,2021-02-05 22:10:04,工地出事了肯定,,
幸运兔,2021-02-05 22:10:14,,虎粮,1
幸运兔,2021-02-05 22:10:14,,虎粮,1
嗄末初秌灬…,2021-02-05 22:10:23,,虎粮,10
山边石,2021-02-05 22:10:43,,虎粮,57
曾小冲,2021-02-05 22:10:53,...,,
雨辰哥哥,2021-02-05 22:11:13,,虎粮,10
胖子鱼鱼,2021-02-05 22:11:13,,虎粮,30
雨辰哥哥,2021-02-05 22:11:13,,虎粮,10
雨辰哥哥,2021-02-05 22:11:13,,虎粮,1
雨辰哥哥,2021-02-05 22:11:23,,虎粮,1
虎牙-泽泽,2021-02-05 22:11:23,,虎粮,1
潇潇雨歇,2021-02-05 22:11:23,,虎粮,30
虎牙-泽泽,2021-02-05 22:11:23,,虎粮,1
跳弹几率为…,2021-02-05 22:11:33,,虎粮,6
菠萝菠萝我…,2021-02-05 22:11:33,,虎粮,30
菠萝菠萝我…,2021-02-05 22:11:33,,虎粮,1
菠萝菠萝我…,2021-02-05 22:11:43,,虎粮,1
木偶的,2021-02-05 22:11:44,,虎粮,1
别过执着,2021-02-05 22:11:53,,虎粮,42
未.远,2021-02-05 22:12:13,,虎粮,10
未.远,2021-02-05 22:12:13,,虎粮,10
水中贵族 …,2021-02-05 22:12:33,,虎粮,1
水中贵族 …,2021-02-05 22:12:33,,虎粮,1
夨、 ￣落,2021-02-05 22:13:04,,虎粮,55
宋一血先森,2021-02-05 22:13:24,,虎粮,54
警告,2021-02-05 22:13:34,,虎粮,1
警告,2021-02-05 22:13:35,,虎粮,1
大雄V舞八七,2021-02-05 22:15:16,这个拉给，看来今天是拉夸了,,
被淋湿的海,2021-02-05 22:15:25,,虎粮,10
小涛【帝国…,2021-02-05 22:15:35,,虎粮,30
看不到你近…,2021-02-05 22:15:44,,虎粮,15
磁欧石,2021-02-05 22:16:05,,虎粮,1
磁欧石,2021-02-05 22:16:05,,虎粮,1
被淋湿的海,2021-02-05 22:16:05,农民工爬塔吊了吗？,,
思念化成海,2021-02-05 22:16:25,,虎粮,1
我爷爷de,2021-02-05 22:16:25,来上香,,
思念化成海,2021-02-05 22:16:25,,虎粮,30
思念化成海,2021-02-05 22:16:36,,虎粮,1
思念化成海,2021-02-05 22:16:46,,虎粮,1
亓,2021-02-05 22:16:46,,虎粮,8
子非鱼,2021-02-05 22:16:56,,虎粮,30
倪丨晨,2021-02-05 22:17:07,人呢,,
倪丨晨,2021-02-05 22:17:17,,虎粮,10
果果粉丝,2021-02-05 22:17:17,人呢？,,
倪丨晨,2021-02-05 22:17:17,,虎粮,10
萌萌哒土豆…,2021-02-05 22:17:18,,虎粮,10
萌萌哒土豆…,2021-02-05 22:17:28,,虎粮,10
骚哥最帅,2021-02-05 22:17:28,,虎粮,30
骚哥最帅,2021-02-05 22:17:39,？,,
Grimm,2021-02-05 22:17:39,,虎粮,1
Grimm,2021-02-05 22:17:49,,虎粮,1
老太太骑瘦…,2021-02-05 22:17:49,,虎粮,1
老太太骑瘦…,2021-02-05 22:17:59,,虎粮,1
请叫我东哥,2021-02-05 22:17:59,,虎粮,1
天外飞仙,2021-02-05 22:17:59,,虎粮,1
请叫我东哥,2021-02-05 22:18:10,,虎粮,1
萌萌家的简…,2021-02-05 22:18:10,,虎粮,1
请叫我东哥,2021-02-05 22:18:20,,虎粮,1
流浪大爷,2021-02-05 22:18:51,,虎粮,10
流浪大爷,2021-02-05 22:19:01,,虎粮,10
三哥(^.…,2021-02-05 22:19:01,,虎粮,10
三哥(^.…,2021-02-05 22:19:11,,虎粮,10
断桥,2021-02-05 22:19:21,,虎粮,30
断桥,2021-02-05 22:19:21,,虎粮,1
风筝在阴天…,2021-02-05 22:19:21,,虎粮,30
风筝在阴天…,2021-02-05 22:19:21,,虎粮,10
断桥,2021-02-05 22:19:21,,虎粮,1
狂鸟ヽ 随…,2021-02-05 22:19:41,,虎粮,1
拉给晃肆一…,2021-02-05 22:19:41,,虎粮,30
PU,2021-02-05 22:19:41,,虎粮,10
拉给晃肆一…,2021-02-05 22:19:41,,虎粮,30
拉给晃肆一…,2021-02-05 22:19:41,,虎粮,1
拉给晃肆一…,2021-02-05 22:19:51,,虎粮,1
PU,2021-02-05 22:19:51,,虎粮,10
小胖子,2021-02-05 22:19:51,,虎粮,30
小胖子,2021-02-05 22:20:01,,虎粮,10
309,2021-02-05 22:20:11,居然放重播,,
骚哥的迷弟,2021-02-05 22:20:11,团团回来了,,
309,2021-02-05 22:20:11,,虎粮,10
时间,2021-02-05 22:20:30,,虎粮,1
时间,2021-02-05 22:20:31,,虎粮,1
时间,2021-02-05 22:20:31,,虎粮,1
时间,2021-02-05 22:20:41,,虎粮,1
M4A2E…,2021-02-05 22:21:02,,虎粮,4
陈罐西式茶,2021-02-05 22:21:12,,虎粮,25
扶我起来我…,2021-02-05 22:21:12,,虎粮,10
从来不加班…,2021-02-05 22:21:22,,虎粮,1
从来不加班…,2021-02-05 22:21:22,,虎粮,10
从来不加班…,2021-02-05 22:21:32,,虎粮,10
TIMEX…,2021-02-05 22:22:12,,虎粮,1
咱是皮皮星人,2021-02-05 22:22:32,等等这不是直播么？,,
我叫你一…,2021-02-05 22:22:32,,虎粮,10
Gun、神,2021-02-05 22:22:32,,虎粮,59
大彭帝国皇…,2021-02-05 22:23:02,,虎粮,30
同温层堡垒,2021-02-05 22:23:12,,虎粮,60
哥丶是杀猪…,2021-02-05 22:23:41,,虎粮,10
哥丶是杀猪…,2021-02-05 22:23:41,,虎粮,10
哥丶是杀猪…,2021-02-05 22:23:41,,虎粮,1
哥丶是杀猪…,2021-02-05 22:23:51,,虎粮,1
神奇的二狗,2021-02-05 22:24:11,,虎粮,1
我就会黑枪啊,2021-02-05 22:24:11,虎牙咋没有蓝光几几几了呢？,,
我就会黑枪啊,2021-02-05 22:24:32,怎么调啊？,,
流光溢彩,2021-02-05 22:24:41,,爆竹,1
我就会黑枪啊,2021-02-05 22:24:51,咋没有人打字了？？？,,
狮驼岭巡山…,2021-02-05 22:24:51,,虎粮,10
、天意弄人*,2021-02-05 22:24:51,回放没有,,
心为海不以为蓝丶,2021-02-05 22:25:02,录播 你挑个der,,
勇往直前,2021-02-05 22:25:02,人呢,,
最佳配角,2021-02-05 22:25:33,,虎粮,58
     …,2021-02-05 22:25:33,,虎粮,1
我就会黑枪啊,2021-02-05 22:25:43,咋还录播了呢？？,,
     …,2021-02-05 22:25:44,,虎粮,1
     …,2021-02-05 22:25:54,,虎粮,1
心为海不以为蓝丶,2021-02-05 22:26:05,被人栓着拉磨去了,,
微笑前行运…,2021-02-05 22:26:18,,虎粮,1
微笑前行运…,2021-02-05 22:26:18,,虎粮,1
さくま ゆ…,2021-02-05 22:26:30,,虎粮,10
浪里一条条,2021-02-05 22:26:44,,虎粮,10
林老尸,2021-02-05 22:26:44,,虎粮,66
微笑前行运气一定不会差,2021-02-05 22:26:44,上香啦！！,,
骚哥无蛋蛋,2021-02-05 22:26:56,,虎粮,1
微笑前行运气一定不会差,2021-02-05 22:26:56,上香啦啦,,
骚哥无蛋蛋,2021-02-05 22:26:57,,虎粮,1
微笑前行运气一定不会差,2021-02-05 22:26:57,上香啦！！,,
骚哥无蛋蛋,2021-02-05 22:27:20,明天骡子直播放羊,,
言中鹤-艾…,2021-02-05 22:27:20,,虎粮,30
向日葵幼儿…,2021-02-05 22:27:31,,虎粮,31
Donts…,2021-02-05 22:27:42,,虎粮,10
Donts…,2021-02-05 22:27:42,,虎粮,10
Ｃhinａ…,2021-02-05 22:27:52,,虎粮,5
我怎么又一…,2021-02-05 22:28:03,,虎粮,59
退休姜大爷…,2021-02-05 22:28:26,,虎粮,10
优雅de农…,2021-02-05 22:29:49,,虎粮,10
淮水之畔夜…,2021-02-05 22:29:49,,虎粮,10
优雅de农…,2021-02-05 22:29:49,,虎粮,10
艾泽拉斯,2021-02-05 22:30:31,1,,
就问你信不…,2021-02-05 22:30:41,,虎粮,59
....,2021-02-05 22:30:51,,虎粮,38
White…,2021-02-05 22:31:02,,虎粮,46
メ…,2021-02-05 22:33:18,,虎粮,51
,2021-02-05 22:33:28,,虎粮,
懒熊-骚粉,2021-02-05 22:33:28,,虎粮,49
访客,2021-02-05 22:33:28,,虎粮,30
访客,2021-02-05 22:33:28,,虎粮,10
访客,2021-02-05 22:33:28,,虎粮,10
访客,2021-02-05 22:33:28,,虎粮,1
井伊,2021-02-05 22:33:39,,虎粮,10
访客,2021-02-05 22:33:39,,虎粮,1
万万税,2021-02-05 22:33:39,,虎粮,10
游娱,2021-02-05 22:33:49,,虎粮,52
,2021-02-05 22:34:11,,虎粮,
0352、…,2021-02-05 22:34:11,,虎粮,50
坦克毒瘤,2021-02-05 22:34:11,,虎粮,1
坦克毒瘤,2021-02-05 22:34:11,,虎粮,10
小卒,2021-02-05 22:34:23,,虎粮,1
坦克毒瘤,2021-02-05 22:34:23,,虎粮,10
小白凤抓抓,2021-02-05 22:34:24,,虎粮,47
奔跑的蜗牛,2021-02-05 22:34:24,,虎粮,1
奔跑的蜗牛,2021-02-05 22:34:24,,虎粮,1
小卒,2021-02-05 22:34:24,,虎粮,1
奔跑的蜗牛,2021-02-05 22:34:38,,虎粮,1
我是一颗小虎牙,2021-02-05 22:34:50,国服版本跟亚服天壤之别,,
我是一颗小…,2021-02-05 22:35:02,,虎粮,1
我是一颗小…,2021-02-05 22:35:02,,虎粮,1
我是一颗小虎牙,2021-02-05 22:35:14,骡子骡子，上哪里去了？,,
飞过海,2021-02-05 22:35:26,,虎粮,1
入海蛟龙,2021-02-05 22:35:38,,虎粮,66
-骚黑粉-,2021-02-05 22:35:48,,虎粮,66
vios威…,2021-02-05 22:35:59,,虎粮,40
吃颗党装装胆,2021-02-05 22:36:23,这个比去哪了,,
执着追梦人,2021-02-05 22:36:33,,虎粮,56
騷哥得輪女…,2021-02-05 22:36:43,,虎粮,50
我浑身难瘦,2021-02-05 22:36:43,,虎粮,1
故乡的雨，…,2021-02-05 22:36:43,,虎粮,10
故乡的雨，…,2021-02-05 22:36:53,,虎粮,10
吃颗党装装胆,2021-02-05 22:36:53,有没有大佬知道的,,
盗号者可耻,2021-02-05 22:37:03,,虎粮,1
盗号者可耻,2021-02-05 22:37:03,,虎粮,1
主宰之剑 …,2021-02-05 22:37:03,,虎粮,84
死神鹰爪ssyz,2021-02-05 22:37:03,yyy,,
盗号者可耻,2021-02-05 22:37:13,,虎粮,30
uuik,2021-02-05 22:37:44,,爆竹,10
下雨时候的我啊,2021-02-05 22:37:53,他回家了，今天应该不播了，明天说是可以,,
大叔家的初…,2021-02-05 22:37:53,,爆竹,1
騷哥得輪女學,2021-02-05 22:38:04,骡子 回 老家了,,
寂寞中的自…,2021-02-05 22:38:04,,虎粮,1
寂寞中的自…,2021-02-05 22:38:04,,虎粮,1
已逝D回忆,2021-02-05 22:38:14,,虎粮,30
已逝D回忆,2021-02-05 22:38:15,,虎粮,30
騷哥得輪女學,2021-02-05 22:38:15,估计明天会播，昨天播的时候说了，今儿回老家了,,
已逝D回忆,2021-02-05 22:38:35,,虎粮,1
很生气,2021-02-05 22:38:35,,虎粮,1
很生气,2021-02-05 22:38:46,,虎粮,1
騷哥得輪女學,2021-02-05 22:38:46,团团在播，看会团团 去吧,,
Achse,2021-02-05 22:38:55,,虎粮,30
有球O必硬,2021-02-05 22:39:55,,虎粮,38
三 棱 刺,2021-02-05 22:39:55,,虎粮,10
去年今日,2021-02-05 22:40:16,你死了赢不了了,,
拖云社,2021-02-05 22:40:16,,虎粮,10
骚哥今天没穿裤衩,2021-02-05 22:40:26,人呢 怎么是回放,,
去年今日,2021-02-05 22:40:45,是回放么？,,
骚哥今天没穿裤衩,2021-02-05 22:40:55,昨天的回放,,
去年今日,2021-02-05 22:41:24,这你都能记住,,
骚哥今天没穿裤衩,2021-02-05 22:41:35,写着的啊,,
骚哥今天没穿裤衩,2021-02-05 22:41:44,哈哈哈,,
湖边的青树,2021-02-05 22:41:53,,虎粮,1
秋天的童话,2021-02-05 22:42:04,,虎粮,1
去年今日,2021-02-05 22:42:04,那咋知道是昨天的 不是前天的？,,
秋天的童话,2021-02-05 22:42:14,,虎粮,1
我学前班老…,2021-02-05 22:42:24,,虎粮,10
骚哥今天没穿裤衩,2021-02-05 22:42:24,我猜的,,
我学前班老…,2021-02-05 22:42:40,,虎粮,10
骚哥今天没穿裤衩,2021-02-05 22:42:52,行了不,,
清风,2021-02-05 22:42:52,,,
骚哥今天没穿裤衩,2021-02-05 22:42:52,送了狗粮 溜了溜了,,
唯、獨尊天…,2021-02-05 22:43:13,,虎粮,10
吴嘛吃5,2021-02-05 22:43:13,团团。回来啦老。马累。去看啦,,
唯、獨尊天…,2021-02-05 22:43:13,,虎粮,10
小骏,2021-02-05 22:43:24,,虎粮,66
向前一标,2021-02-05 22:43:46,,虎粮,1
汪黑黑,2021-02-05 22:44:06,,虎粮,30
骚年小迷妹,2021-02-05 22:44:23,,虎粮,10
MAGIC…,2021-02-05 22:44:39,,虎粮,10
枫影无痕,2021-02-05 22:46:42,,虎粮,10
er787…,2021-02-05 22:47:21,,虎粮,1
er787…,2021-02-05 22:47:21,,虎粮,1
er787…,2021-02-05 22:47:29,,虎粮,1
吊炉老司机,2021-02-05 22:47:44,,虎粮,50
孤独,2021-02-05 22:47:52,,虎粮,30
骚年的二大…,2021-02-05 22:48:00,,虎粮,1
骚年的二大…,2021-02-05 22:48:00,,虎粮,1
骚年的二大…,2021-02-05 22:48:00,,虎粮,1
懒懒不想动…,2021-02-05 22:48:00,,虎粮,7
装填手保护…,2021-02-05 22:48:23,,虎粮,5
,2021-02-05 22:48:46,发生甚么事了？,,
面馅儿包子,2021-02-05 22:48:46,,虎粮,15
,2021-02-05 22:48:54,人还没来吗？,,
懒懒不想动弹,2021-02-05 22:49:01,天天重播...,,
乱舞人生,2021-02-05 22:49:01,,虎粮,10
佛问迦南,2021-02-05 22:49:08,,虎粮,72
,2021-02-05 22:49:16,个浪人！,,
虎罗,2021-02-05 22:49:31,？,,
虎罗,2021-02-05 22:49:38,人呢,,
必须出现闪…,2021-02-05 22:49:45,,虎粮,1
我是一颗小…,2021-02-05 22:49:45,,虎粮,35
必须出现闪…,2021-02-05 22:49:45,,虎粮,9
小富则安,2021-02-05 22:49:53,,虎粮,1
IL,2021-02-05 22:49:53,几点开始啊,,
懒懒不想动弹,2021-02-05 22:50:08,估计今天不开始了,,
枫影无痕,2021-02-05 22:50:08,不会又进去了吧,,
一只强大的…,2021-02-05 22:50:22,,虎粮,30
,2021-02-05 22:50:23,快成鸽子养殖户了！,,
我是番茄,2021-02-05 22:50:44,,虎粮,30
Summe…,2021-02-05 22:51:14,,虎粮,10
愿我余生皆假期,2021-02-05 22:51:21,散了吧 回老家了,,
二十四发H…,2021-02-05 22:51:36,,虎粮,1
二十四发H…,2021-02-05 22:51:36,,虎粮,1
二十四发H…,2021-02-05 22:51:43,,虎粮,1
HH-戦痕,2021-02-05 22:51:50,,虎粮,30
成飞歼20,2021-02-05 22:52:13,,虎粮,1
光 明,2021-02-05 22:52:28,,虎粮,45
取名真是难,2021-02-05 22:52:35,,虎粮,10
TOP战士,2021-02-05 22:52:42,,虎粮,10
大B哥-,2021-02-05 22:52:50,,虎粮,10
TOP战士,2021-02-05 22:52:50,,虎粮,10
大B哥-,2021-02-05 22:52:58,,虎粮,10
我大姨妈,2021-02-05 22:53:13,,虎粮,30
我大姨妈,2021-02-05 22:53:20,,虎粮,10
牛黄上清片,2021-02-05 22:53:57,,虎粮,50
老虎不吃人,2021-02-05 22:54:12,,虎粮,35
大炮一响n…,2021-02-05 22:54:19,,虎粮,1
丿灬修罗之…,2021-02-05 22:54:26,,虎粮,35
大炮一响n…,2021-02-05 22:54:27,,虎粮,1
晚冬晴怡,2021-02-05 22:54:41,,虎粮,10
清风吹离愁,2021-02-05 22:55:11,,虎粮,30
清风吹离愁,2021-02-05 22:55:18,,虎粮,10
清风吹离愁,2021-02-05 22:55:18,,虎粮,10
清风吹离愁,2021-02-05 22:55:18,,虎粮,1
清风吹离愁,2021-02-05 22:55:26,,虎粮,1
中心大队,2021-02-05 22:57:00,,虎粮,1
话不多先生,2021-02-05 22:57:15,,虎粮,1
公爵,2021-02-05 22:57:15,,虎粮,40
话不多先生,2021-02-05 22:57:23,,虎粮,1
淡蓝色de…,2021-02-05 22:57:31,,虎粮,10
淡蓝色de…,2021-02-05 22:57:39,,虎粮,10
極,2021-02-05 22:57:47,,虎粮,10
火炎焱燚,2021-02-05 22:57:47,,虎粮,1
極,2021-02-05 22:57:55,,虎粮,1
孤单又灿烂…,2021-02-05 22:57:55,,虎粮,89
孤单又灿烂…,2021-02-05 22:57:56,,虎粮,1
孤单又灿烂…,2021-02-05 22:58:04,,虎粮,1
咿呀,2021-02-05 22:58:27,,虎粮,52
大山,2021-02-05 22:59:13,,虎粮,1
大山,2021-02-05 22:59:13,,虎粮,1
大山,2021-02-05 22:59:13,,虎粮,1
A.随风,2021-02-05 22:59:21,,虎粮,1
大山,2021-02-05 22:59:21,,虎粮,1
A.随风,2021-02-05 22:59:29,,虎粮,1
A.随风,2021-02-05 22:59:29,,虎粮,1
A.随风,2021-02-05 22:59:29,,虎粮,1
A.随风,2021-02-05 22:59:37,,虎粮,1
A.随风,2021-02-05 22:59:37,,虎粮,1
半只烧鸡,2021-02-05 22:59:38,,虎粮,1
A.随风,2021-02-05 22:59:46,,虎粮,1
蛐蛐,2021-02-05 22:59:46,手机怎么看重播,,
jc800,2021-02-05 23:00:10,,虎粮,1
咱是皮皮星人,2021-02-05 23:01:45,然后还是输了 原因是 骚哥的位置被火炮知道了 就差几秒..,,
咱是皮皮星人,2021-02-05 23:01:45,结果浪输了,,
不妥协直到…,2021-02-05 23:02:39,,虎粮,1
Babaa…,2021-02-05 23:03:02,,虎粮,30
小超,2021-02-05 23:03:50,,虎粮,30
红色暴力,2021-02-05 23:03:59,,虎粮,1
XZ_山,2021-02-05 23:03:59,,虎粮,10
馬賽克,2021-02-05 23:03:59,,虎粮,50
老喻头,2021-02-05 23:04:17,,虎粮,48
剪刀石头卜,2021-02-05 23:04:17,同一系的车的配件在前面坦克研发过是不是在后边的车上研发时经验,,
禄儿,2021-02-05 23:04:25,今天没播吗,,
剪刀石头卜,2021-02-05 23:04:25,就少了,,
剪刀石头卜,2021-02-05 23:04:33,金坛没播,,
禄儿,2021-02-05 23:04:42,奥,,
嗄末初秌灬…,2021-02-05 23:05:08,,虎粮,1
嗄末初秌灬…,2021-02-05 23:05:16,,虎粮,1
天哥,2021-02-05 23:05:57,,虎粮,1
天哥,2021-02-05 23:05:57,,虎粮,1
「華」子马,2021-02-05 23:06:05,,虎粮,1
禾石雨,2021-02-05 23:06:13,重播？,,
Babaa…,2021-02-05 23:06:13,,虎粮,1
「華」子马,2021-02-05 23:06:21,,虎粮,1
军武丶小号…,2021-02-05 23:07:08,,虎粮,30
飞少✎,2021-02-05 23:07:08,,虎粮,1
猪是整样死…,2021-02-05 23:07:16,,虎粮,30
猪是整样死…,2021-02-05 23:07:24,,虎粮,10
猪是整样死…,2021-02-05 23:07:24,,虎粮,10
小十月,2021-02-05 23:07:48,,虎粮,30
小十月,2021-02-05 23:07:49,,虎粮,1
小十月,2021-02-05 23:07:57,,虎粮,1
看你直播惹…,2021-02-05 23:07:57,,虎粮,30
看你直播惹…,2021-02-05 23:08:06,,虎粮,10
我四姑夫,2021-02-05 23:08:06,,虎粮,30
我四姑夫,2021-02-05 23:08:15,,虎粮,30
我是一颗小虎牙,2021-02-05 23:08:40,66666666666,,
矿泉水,2021-02-05 23:08:41,,虎粮,15
White,2021-02-05 23:08:49,,虎粮,1
White,2021-02-05 23:08:49,,虎粮,1
骚哥的曾祖…,2021-02-05 23:08:58,,虎粮,30
骚哥的曾祖…,2021-02-05 23:08:58,,虎粮,10
骚哥的曾祖…,2021-02-05 23:08:58,,虎粮,1
骚哥的曾祖…,2021-02-05 23:09:08,,虎粮,1
清风,2021-02-05 23:09:08,,,
ss-逆冰,2021-02-05 23:09:08,打脸,,
君は僕に似ている,2021-02-05 23:09:17,哈哈,,
拳击手,2021-02-05 23:09:26,,虎粮,1
光头仔阿丸,2021-02-05 23:09:35,11点还不上播,,
清风,2021-02-05 23:09:35,平局,,
土掉渣掉渣,2021-02-05 23:10:10,啥情况,,
随缘,2021-02-05 23:10:36,,虎粮,1
「華」子马,2021-02-05 23:10:45,,虎粮,1
雨゛,2021-02-05 23:10:45,,虎粮,1
天各一方,2021-02-05 23:12:05,,虎粮,1
天各一方,2021-02-05 23:12:14,,虎粮,1
霸气哲庞先…,2021-02-05 23:12:39,,虎粮,30
霸气哲庞先…,2021-02-05 23:12:39,,虎粮,10
霸气哲庞先…,2021-02-05 23:12:39,,虎粮,1
霸气哲庞先…,2021-02-05 23:12:47,,虎粮,1
枫林,2021-02-05 23:13:13,,虎粮,1
枫林,2021-02-05 23:13:13,,虎粮,1
枫林,2021-02-05 23:13:13,,虎粮,10
枫林,2021-02-05 23:13:13,,虎粮,10
点击进入,2021-02-05 23:13:46,,虎粮,1
点击进入,2021-02-05 23:13:54,,虎粮,1
SS,2021-02-05 23:13:55,,虎粮,30
零/lov…,2021-02-05 23:14:35,,虎粮,50
土豆,2021-02-05 23:15:17,,虎粮,1
angel…,2021-02-05 23:16:36,,虎粮,10
暴之怒,2021-02-05 23:16:36,,虎粮,30
angel585,2021-02-05 23:16:36,,虎粮,10
小好好,2021-02-05 23:16:45,,虎粮,30
杨轲,2021-02-05 23:16:45,,虎粮,31
门徒,2021-02-05 23:16:53,,虎粮,10
红右手Al…,2021-02-05 23:17:10,,虎粮,10
半句多,2021-02-05 23:17:10,没开？,,
CNXZ-…,2021-02-05 23:17:11,,虎粮,10
光头仔阿丸,2021-02-05 23:17:36,没,,
小牛向前进,2021-02-05 23:17:45,,虎粮,1
小牛向前进,2021-02-05 23:17:45,,虎粮,1
小牛向前进,2021-02-05 23:17:54,,虎粮,1
小牛向前进,2021-02-05 23:17:54,,虎粮,1
小牛向前进,2021-02-05 23:18:02,,虎粮,1
小牛向前进,2021-02-05 23:18:02,,虎粮,1
一蹲坑就蛋…,2021-02-05 23:18:03,,虎粮,10
一蹲坑就蛋…,2021-02-05 23:18:11,,虎粮,10
墨风952…,2021-02-05 23:19:10,,虎粮,73
\,2021-02-05 23:19:11,,虎粮,10
密汁微笑,2021-02-05 23:19:36,,虎粮,1
密汁微笑,2021-02-05 23:19:44,,虎粮,1
心情风暴,2021-02-05 23:20:16,,虎粮,10
这个bi,2021-02-05 23:20:16,,虎粮,35
君は僕に似…,2021-02-05 23:20:33,,虎粮,1
绿茶有点苦,2021-02-05 23:20:49,,虎粮,80
『F.A.…,2021-02-05 23:20:49,,虎粮,1
!,2021-02-05 23:22:20,,虎粮,1
!,2021-02-05 23:22:20,,虎粮,1
!,2021-02-05 23:22:20,,虎粮,1
!,2021-02-05 23:22:28,,虎粮,1
騷哥愛裝逼,2021-02-05 23:22:28,,虎粮,50
我不是妹子,2021-02-05 23:22:36,,虎粮,10
我不是妹子,2021-02-05 23:22:36,,虎粮,10
黑化肥发黑…,2021-02-05 23:22:44,,虎粮,52
迷惘、,2021-02-05 23:23:00,,虎粮,30
默写$.$…,2021-02-05 23:24:05,,虎粮,47
小宝,2021-02-05 23:24:29,,虎粮,10
小宝,2021-02-05 23:24:37,,虎粮,10
倚楼听风雨,2021-02-05 23:26:20,,虎粮,10
不知火舞,2021-02-05 23:26:40,,虎粮,56
二勐,2021-02-05 23:27:14,,虎粮,20
猪是整样死…,2021-02-05 23:27:41,,虎粮,66
悄咪咪地看,2021-02-05 23:27:41,,虎粮,50
航仔,2021-02-05 23:29:04,,虎粮,10
航仔,2021-02-05 23:29:16,,虎粮,10
啊卡四十七,2021-02-05 23:29:16,,虎粮,20
冰梁iii,2021-02-05 23:29:39,,虎粮,10
冰梁iii,2021-02-05 23:29:39,,虎粮,10
冰梁iii,2021-02-05 23:29:39,,虎粮,1
fallen_angel_k,2021-02-05 23:29:50,开服务器准心吗,,
流沙TZR,2021-02-05 23:30:32,老不开,,
bing~,2021-02-05 23:30:32,,虎粮,37
方天画戟,2021-02-05 23:30:42,,虎粮,35
正儿八经,2021-02-05 23:31:41,团子跟骚哥最近关系拉近没！,,
我是一颗小…,2021-02-05 23:31:53,,虎粮,1
我是一颗小…,2021-02-05 23:31:53,,虎粮,1
O炮爷O,2021-02-05 23:32:19,,虎粮,10
哎呦,2021-02-05 23:32:43,看团团去吧，老骚又鸽了,,
O炮爷O,2021-02-05 23:33:06,看老坑去吧,,
桥松、、,2021-02-05 23:33:06,,虎粮,1
我叫埃尔文,2021-02-05 23:33:18,,虎粮,60
桥松、、,2021-02-05 23:33:18,,虎粮,1
冬季森林,2021-02-05 23:33:44,,虎粮,10
高山流水,2021-02-05 23:33:44,,虎粮,10
冬季森林,2021-02-05 23:33:56,,虎粮,10
冬季森林,2021-02-05 23:33:56,,虎粮,1
冬季森林,2021-02-05 23:33:56,,虎粮,1
JM丶土豆,2021-02-05 23:34:19,,虎粮,1
孤寂,2021-02-05 23:35:10,,虎粮,25
三炮哥,2021-02-05 23:35:10,,虎粮,30
三炮哥,2021-02-05 23:35:10,,虎粮,1
三炮哥,2021-02-05 23:35:23,,虎粮,1
石头堆,2021-02-05 23:35:35,,虎粮,1
半城雨半城…,2021-02-05 23:36:00,,虎粮,10
夜行人,2021-02-05 23:36:00,,虎粮,1
半城雨半城…,2021-02-05 23:36:01,,虎粮,10
夜行人,2021-02-05 23:36:01,,虎粮,1
夜行人,2021-02-05 23:36:15,,虎粮,1
皇家老菜鸡,2021-02-05 23:36:43,,虎粮,59
FM96.…,2021-02-05 23:36:57,,虎粮,30
多么痛的领…,2021-02-05 23:36:58,,虎粮,10
FM96.8 舞一,2021-02-05 23:37:12,回家了？,,
曲径通幽,2021-02-05 23:37:12,,虎粮,30
黑化肥发黑…,2021-02-05 23:37:23,,虎粮,35
核桃,2021-02-05 23:37:23,,虎粮,30
唤猪大法,2021-02-05 23:37:38,,虎粮,1
骚骚说爱我,2021-02-05 23:37:49,,虎粮,10
骚骚说爱我,2021-02-05 23:37:49,,虎粮,1
唤猪大法,2021-02-05 23:37:49,,虎粮,1
?????,2021-02-05 23:37:49,,虎粮,30
骚骚说爱我,2021-02-05 23:37:50,,虎粮,1
丨SevE…,2021-02-05 23:38:52,,虎粮,10
小龙先生,2021-02-05 23:39:05,,虎粮,30
你瞅啥呢,2021-02-05 23:39:16,,虎粮,10
定福庄,2021-02-05 23:39:54,骡子呢？,,
晓闯,2021-02-05 23:40:21,,虎粮,1
定福庄,2021-02-05 23:40:21,,虎粮,15
我是一颗小…,2021-02-05 23:40:37,,虎粮,50
笑淡化那伤,2021-02-05 23:40:50,,虎粮,10
卧梅忧闻花,2021-02-05 23:41:32,,虎粮,66
千与千寻丶…,2021-02-05 23:41:33,,虎粮,15
卧梅忧闻花,2021-02-05 23:41:33,,虎粮,66
难以释怀,2021-02-05 23:41:33,,虎粮,45
卧梅忧闻花,2021-02-05 23:41:33,,虎粮,10
卧梅忧闻花,2021-02-05 23:41:45,,虎粮,10
卧梅忧闻花,2021-02-05 23:41:46,,虎粮,1
骚年的大表哥,2021-02-05 23:41:46,？,,
卧梅忧闻花,2021-02-05 23:41:59,,虎粮,1
骚年的大表哥,2021-02-05 23:42:00,人呢,,
初八,2021-02-05 23:44:19,,虎粮,1
初八,2021-02-05 23:44:33,,虎粮,1
初八,2021-02-05 23:44:34,,虎粮,10
★李强★,2021-02-05 23:44:48,,爆竹,66
我-表-哥,2021-02-05 23:45:03,,虎粮,40
花里胡哨的…,2021-02-05 23:45:18,,虎粮,1
大厨不烧饭,2021-02-05 23:45:58,,虎粮,10
---㕾M…,2021-02-05 23:45:58,,虎粮,10
飘了,2021-02-05 23:46:12,,虎粮,35
o行走De…,2021-02-05 23:46:24,,虎粮,1
o行走De…,2021-02-05 23:46:24,,虎粮,1
o行走De…,2021-02-05 23:46:25,,虎粮,1
风低语,2021-02-05 23:46:38,,虎粮,27
峰驰天下,2021-02-05 23:46:50,,虎粮,1
浪人醉酒,2021-02-05 23:46:50,,虎粮,1
峰驰天下,2021-02-05 23:46:51,,虎粮,10
浪人醉酒,2021-02-05 23:46:51,,虎粮,1
峰驰天下,2021-02-05 23:47:03,,虎粮,1
峰驰天下,2021-02-05 23:47:03,,虎粮,1
左手哥,2021-02-05 23:47:04,,虎粮,1
左手哥,2021-02-05 23:47:14,,虎粮,1
左手哥,2021-02-05 23:47:15,,虎粮,1
怼哥,2021-02-05 23:47:40,,虎粮,10
敌人很强大…,2021-02-05 23:47:51,,虎粮,30
怼哥,2021-02-05 23:47:51,,虎粮,10
,2021-02-05 23:48:21,,虎粮,
奔波儿霸霸…,2021-02-05 23:48:22,,虎粮,10
奔波儿霸霸…,2021-02-05 23:48:22,,虎粮,10
奔波儿霸霸…,2021-02-05 23:48:22,,虎粮,1
迷弑,2021-02-05 23:48:33,,虎粮,30
风澄彻,2021-02-05 23:48:33,人呢,,
迷弑,2021-02-05 23:48:33,,虎粮,10
奔波儿霸霸…,2021-02-05 23:48:34,,虎粮,1
迷弑,2021-02-05 23:48:34,,虎粮,10
撒拉嘿呦我…,2021-02-05 23:48:59,,虎粮,1
撒拉嘿呦我…,2021-02-05 23:49:12,,虎粮,1
青丝白刃,2021-02-05 23:49:39,,虎粮,35
青丝白刃,2021-02-05 23:49:39,...,,
~划过的温…,2021-02-05 23:49:50,,虎粮,10
阳阳,2021-02-05 23:50:46,,虎粮,2
tianx…,2021-02-05 23:51:13,,虎粮,10
tianx…,2021-02-05 23:51:13,,虎粮,10
tianx…,2021-02-05 23:51:13,,虎粮,1
tianx…,2021-02-05 23:51:13,,虎粮,1
小赵,2021-02-05 23:51:25,,虎粮,10
看你眼红,2021-02-05 23:51:52,,虎粮,1
看你眼红,2021-02-05 23:52:05,,虎粮,1
尼古拉斯西…,2021-02-05 23:52:05,,虎粮,10
尼古拉斯西…,2021-02-05 23:52:05,,虎粮,1
看你眼红,2021-02-05 23:52:05,,虎粮,1
尼古拉斯西…,2021-02-05 23:52:06,,虎粮,1
看你眼红,2021-02-05 23:52:18,,虎粮,1
人就是江湖,2021-02-05 23:52:56,,虎粮,1
人就是江湖,2021-02-05 23:53:11,,虎粮,1
胸有成竹没…,2021-02-05 23:53:47,,虎粮,58
十字,2021-02-05 23:53:59,,虎粮,1
,2021-02-05 23:54:23,,虎粮,
,2021-02-05 23:54:24,,虎粮,
祎中循环,2021-02-05 23:54:24,,虎粮,35
呵呵笑什么,2021-02-05 23:54:24,,虎粮,30
,2021-02-05 23:54:35,,虎粮,
短尾巴大熊,2021-02-05 23:54:35,,虎粮,1
短尾巴大熊,2021-02-05 23:54:35,,虎粮,1
MA先生,2021-02-05 23:54:35,,虎粮,1
看过--,2021-02-05 23:54:35,,虎粮,1
℡逆向感情…,2021-02-05 23:54:36,,虎粮,10
看过--,2021-02-05 23:54:47,,虎粮,1
徘徊者,2021-02-05 23:54:47,,虎粮,30
看过--,2021-02-05 23:54:48,,虎粮,1
看过--,2021-02-05 23:55:02,,虎粮,1
跑跑,2021-02-05 23:55:03,,虎粮,1
跑跑,2021-02-05 23:55:15,,虎粮,1
1962年…,2021-02-05 23:55:16,,虎粮,50
星辰灬良人,2021-02-05 23:55:29,,虎粮,10
落一叶而知…,2021-02-05 23:55:29,,虎粮,10
斐剑,2021-02-05 23:55:29,,虎粮,1
星辰灬良人,2021-02-05 23:55:29,,虎粮,10
落一叶而知…,2021-02-05 23:55:43,,虎粮,1
斐剑,2021-02-05 23:55:44,,虎粮,1
被骗的滋味,2021-02-05 23:56:13,,虎粮,30
逼王团丶忆,2021-02-05 23:56:26,,虎粮,1
寒冬守不住…,2021-02-05 23:56:53,,虎粮,1
寒冬守不住…,2021-02-05 23:56:53,,虎粮,1
等姗姗来迟…,2021-02-05 23:58:12,,虎粮,29
华少,2021-02-05 23:58:43,,虎粮,1
华少,2021-02-05 23:58:43,,虎粮,1
华少,2021-02-05 23:58:43,,虎粮,1
华少,2021-02-05 23:58:43,,虎粮,1
华少,2021-02-05 23:58:44,,虎粮,1
骚哥我要看…,2021-02-05 23:58:44,,虎粮,1
我被队友标…,2021-02-05 23:58:57,,虎粮,30
骚哥我要看…,2021-02-05 23:58:57,,虎粮,1
骚哥今天没…,2021-02-05 23:59:11,,虎粮,70
亦克拉,2021-02-05 23:59:23,不会吧不会吧 今天真的不播了,,
znzn,2021-02-05 23:59:37,,虎粮,10
小亮,2021-02-05 23:59:49,,虎粮,44
组队找我！…,2021-02-05 23:59:50,,虎粮,30
随风飘零,2021-02-05 23:59:50,,虎粮,22
慵丶,2021-02-06 00:00:02,,虎粮,66
慵丶,2021-02-06 00:00:13,,虎粮,30
慵丶,2021-02-06 00:00:13,,虎粮,10
慵丶,2021-02-06 00:00:13,,虎粮,1
慵丶,2021-02-06 00:00:14,,虎粮,1
扛了这炮你…,2021-02-06 00:00:26,,虎粮,30
幸福来敲门,2021-02-06 00:00:54,,虎粮,1
我是一颗小虎牙,2021-02-06 00:01:07,笑死我了,,
乖,2021-02-06 00:01:07,,虎粮,1
重装铁骑,2021-02-06 00:01:08,,虎粮,10
乖,2021-02-06 00:01:23,,虎粮,1
我是一颗小虎牙,2021-02-06 00:01:23,老骚啊 你真操作真是笑掉裤衩子,,
朴紧昌,2021-02-06 00:01:38,,虎粮,10
我是一颗小虎牙,2021-02-06 00:01:38,别解释。。。,,
get、r…,2021-02-06 00:01:38,,虎粮,66
get、r…,2021-02-06 00:01:38,,虎粮,1
我是一颗小虎牙,2021-02-06 00:01:38,我让你浪,,
get、r…,2021-02-06 00:01:52,,虎粮,1
赤峰县装逼…,2021-02-06 00:01:52,,虎粮,50
咱是皮皮星人,2021-02-06 00:02:06,就是鹏爷不在,,
轩铭,2021-02-06 00:02:19,,虎粮,1
一黑,2021-02-06 00:02:19,,虎粮,25
我是一颗小虎牙,2021-02-06 00:02:19,我得吧名改了。。。。还是一个虎牙,,
Sora-…,2021-02-06 00:02:47,,虎粮,10
Doubl…,2021-02-06 00:02:48,,虎粮,40
小瞧流水,2021-02-06 00:02:48,,虎粮,10
Sora-…,2021-02-06 00:02:48,,虎粮,10
咱是皮皮星人,2021-02-06 00:02:48,火力翻了 还有组队的队友救 甚至还有T57救,,
Sora-…,2021-02-06 00:02:48,,虎粮,10
秋风爽朗,2021-02-06 00:03:17,,虎粮,10
骚哥粉丝来也,2021-02-06 00:03:32,+6,,
仲夏之梦,2021-02-06 00:03:32,,虎粮,10
进来就见常…,2021-02-06 00:03:32,,虎粮,30
骚哥粉丝来…,2021-02-06 00:03:33,,虎粮,1
进来就见常…,2021-02-06 00:03:33,,虎粮,10
▎虹之守护,2021-02-06 00:03:45,,虎粮,10
老于头看骚哥,2021-02-06 00:03:59,骚爷我玩暴风 打到2环心态爆炸，一会你来局暴风得了,,
环球霸王,2021-02-06 00:04:00,,虎粮,1
骚哥粉丝来也,2021-02-06 00:04:13,6,,
环球霸王,2021-02-06 00:04:13,,虎粮,1
卫国,2021-02-06 00:04:13,,虎粮,10
骚哥粉丝来也,2021-02-06 00:04:13,6,,
︶ㄣ何曾相…,2021-02-06 00:04:26,,虎粮,15
北镇抚司,2021-02-06 00:04:27,,虎粮,66
北镇抚司,2021-02-06 00:04:38,,虎粮,66
北镇抚司,2021-02-06 00:04:39,,虎粮,10
c：恋上尼…,2021-02-06 00:04:39,,虎粮,66
lznbs…,2021-02-06 00:04:39,,虎粮,1
骚年他二舅,2021-02-06 00:04:39,,虎粮,1
骚哥粉丝来也,2021-02-06 00:04:50,这是重播，兄弟,,
骚年他二舅,2021-02-06 00:04:50,,虎粮,1
吃苹果橘子,2021-02-06 00:04:51,,虎粮,1
雅安劫匪 …,2021-02-06 00:04:51,,虎粮,66
鑙鑗鍸錄,2021-02-06 00:05:05,,虎粮,1
老于头看骚哥,2021-02-06 00:05:17,卧槽,,
老于头看骚哥,2021-02-06 00:05:17,吗各级 不是说今天走么,,
余温,2021-02-06 00:05:44,重播啊,,
o.o,2021-02-06 00:05:45,,虎粮,10
老于头看骚哥,2021-02-06 00:05:57,,,
o.o,2021-02-06 00:05:58,,虎粮,10
城中,2021-02-06 00:05:58,,虎粮,10
刘家寨,2021-02-06 00:06:24,,虎粮,1
刘家寨,2021-02-06 00:06:24,,虎粮,1
刘家寨,2021-02-06 00:06:24,,虎粮,30
刘家寨,2021-02-06 00:06:37,,虎粮,30
九里山车神,2021-02-06 00:06:50,,虎粮,10
九里山车神,2021-02-06 00:06:50,,虎粮,1
九里山车神,2021-02-06 00:06:50,,虎粮,1
安小灰,2021-02-06 00:07:18,,虎粮,35
漂流€Ｏr…,2021-02-06 00:07:18,,虎粮,10
,2021-02-06 00:07:32,,虎粮,
漂流€Ｏr…,2021-02-06 00:07:33,,虎粮,1
漂流€Ｏr…,2021-02-06 00:07:33,,虎粮,1
提枪上马,2021-02-06 00:07:33,,虎粮,1
老衲法号瞎…,2021-02-06 00:07:34,,虎粮,50
提枪上马,2021-02-06 00:07:46,,虎粮,1
引路的海,2021-02-06 00:07:47,,虎粮,60
双旗镇骡子,2021-02-06 00:07:47,,虎粮,10
sumko,2021-02-06 00:07:47,,虎粮,30
地狱,2021-02-06 00:08:03,,虎粮,10
双旗镇骡子,2021-02-06 00:08:03,,虎粮,10
sumko,2021-02-06 00:08:03,,虎粮,1
~划过的温…,2021-02-06 00:08:03,,虎粮,1
~划过的温…,2021-02-06 00:08:18,,虎粮,1
烟霸,2021-02-06 00:08:18,,虎粮,87
~划过的温…,2021-02-06 00:08:18,,虎粮,1
Siled…,2021-02-06 00:09:16,,虎粮,10
Siled…,2021-02-06 00:09:32,,虎粮,30
iron.…,2021-02-06 00:09:45,,虎粮,1
牛少伴郎团…,2021-02-06 00:10:55,,虎粮,1
牛少伴郎团…,2021-02-06 00:10:55,,虎粮,1
o行走De…,2021-02-06 00:11:32,,虎粮,1
苦宝大魔王,2021-02-06 00:11:32,,虎粮,66
o行走De…,2021-02-06 00:11:32,,虎粮,1
苦宝大魔王,2021-02-06 00:11:32,,虎粮,30
o行走De…,2021-02-06 00:11:40,,虎粮,1
sunsh…,2021-02-06 00:11:48,,虎粮,30
sunsh…,2021-02-06 00:11:48,,虎粮,1
sunsh…,2021-02-06 00:11:56,,虎粮,1
我是一颗小…,2021-02-06 00:12:05,,虎粮,1
我是一颗小…,2021-02-06 00:12:13,,虎粮,1
我是一颗小…,2021-02-06 00:12:13,,虎粮,10
我是一颗小…,2021-02-06 00:12:21,,虎粮,10
酱 油,2021-02-06 00:12:29,,虎粮,1
-諒解-,2021-02-06 00:12:29,,虎粮,1
-諒解-,2021-02-06 00:12:37,,虎粮,1
-諒解-,2021-02-06 00:12:38,,虎粮,1
蠹蠹蠹,2021-02-06 00:12:45,,虎粮,1
天堂丶地狱,2021-02-06 00:12:45,,虎粮,10
钢铁风暴2…,2021-02-06 00:14:36,,虎粮,30
钢铁风暴2…,2021-02-06 00:14:44,,虎粮,10
钢铁风暴2…,2021-02-06 00:14:44,,虎粮,10
雷霆判官,2021-02-06 00:15:07,,虎粮,1
我是一颗小…,2021-02-06 00:15:29,,虎粮,60
我是一颗小…,2021-02-06 00:15:37,,虎粮,10
我是一颗小…,2021-02-06 00:15:37,,虎粮,10
丨佑轉丨,2021-02-06 00:15:37,,虎粮,15
司马天怡,2021-02-06 00:15:44,,虎粮,20
陆陆老师,2021-02-06 00:15:59,,虎粮,51
月下独酌一…,2021-02-06 00:16:45,,虎粮,1
月下独酌一…,2021-02-06 00:16:45,,虎粮,1
月下独酌一…,2021-02-06 00:16:45,,虎粮,1
月下独酌一…,2021-02-06 00:16:53,,虎粮,1
施主请留步,2021-02-06 00:17:01,,虎粮,50
猫盒中的维特根斯坦,2021-02-06 00:17:08,天蝎在骂你,,
坦克飘移,2021-02-06 00:17:24,,虎粮,1
坦克飘移,2021-02-06 00:17:39,,虎粮,1
坦克飘移,2021-02-06 00:17:39,,虎粮,10
坦克飘移,2021-02-06 00:17:39,,虎粮,10
某人,2021-02-06 00:18:03,,虎粮,1
某人,2021-02-06 00:18:10,,虎粮,1
灯泡,2021-02-06 00:18:41,,虎粮,10
90535…,2021-02-06 00:18:41,,虎粮,30
90535…,2021-02-06 00:18:42,,虎粮,10
90535…,2021-02-06 00:18:49,,虎粮,1
灯泡,2021-02-06 00:18:49,,虎粮,10
90535…,2021-02-06 00:18:57,,虎粮,1
纯洁的小孩,2021-02-06 00:18:57,,虎粮,10
老里村-蓝,2021-02-06 00:18:57,,虎粮,1
飞翔的雨,2021-02-06 00:19:04,上局主要是那边没人，你在那边想收过路费没收着回来别人都冲山下,,
老里村-蓝,2021-02-06 00:19:04,,虎粮,1
我是一颗小…,2021-02-06 00:19:12,,虎粮,1
别打我啊我…,2021-02-06 00:20:20,,虎粮,1
飞翔的雨,2021-02-06 00:20:28,,荧光棒,10
虎牙灬狠乄…,2021-02-06 00:20:51,,虎粮,30
我是一颗小…,2021-02-06 00:22:16,,虎粮,1
我是一个颗…,2021-02-06 00:22:54,,虎粮,30
我是一个颗…,2021-02-06 00:22:54,,虎粮,10
我是一个颗…,2021-02-06 00:23:01,,虎粮,10
飞翔的雨,2021-02-06 00:23:17,中间没压住，给中间黑死了,,
猫盒中的维特根斯坦,2021-02-06 00:23:24,这图最好打山谷,,
黑枪也是一…,2021-02-06 00:23:24,,虎粮,1
alpha…,2021-02-06 00:23:32,,虎粮,266
曲奇大人,2021-02-06 00:23:40,,虎粮,1
猫盒中的维特根斯坦,2021-02-06 00:23:47,山谷拿下来，赢了八成,,
飞翔的雨,2021-02-06 00:23:47,,荧光棒,66
金炎,2021-02-06 00:24:55,,虎粮,1
金炎,2021-02-06 00:25:03,,虎粮,1
金炎,2021-02-06 00:25:03,,虎粮,1
费迪南,2021-02-06 00:26:40,这 是 蟋 蟀,,
珠子,2021-02-06 00:27:25,,虎粮,1
Jitia…,2021-02-06 00:28:10,,虎粮,30
Jitian,2021-02-06 00:28:33,,虎粮,30
Jitia…,2021-02-06 00:28:33,,虎粮,10
黑枪也是一…,2021-02-06 00:29:48,,虎粮,10
黑枪也是一…,2021-02-06 00:29:48,,虎粮,10
黑枪也是一…,2021-02-06 00:29:48,,虎粮,1
黑枪也是一…,2021-02-06 00:30:03,,虎粮,1
To往生,2021-02-06 00:30:11,,虎粮,1
【蝉衣阁】…,2021-02-06 00:30:18,,虎粮,30
麻匪哥哥,2021-02-06 00:30:33,,虎粮,10
麻匪哥哥,2021-02-06 00:30:33,,虎粮,10
人生如歌,2021-02-06 00:30:48,,虎粮,30
波波将军,2021-02-06 00:31:03,,虎粮,10
波波将军,2021-02-06 00:31:11,,虎粮,10
梦羽乾坤,2021-02-06 00:34:05,,爆竹,1
-老 …,2021-02-06 00:35:05,,虎粮,75
___🍂最…,2021-02-06 00:35:57,,虎粮,1
___🍂最…,2021-02-06 00:35:57,,虎粮,1
豪华午餐肉,2021-02-06 00:36:12,,虎粮,1
格罗姆地狱…,2021-02-06 00:36:35,,虎粮,10
淡沫≡°,2021-02-06 00:36:35,,虎粮,1
淡沫≡°,2021-02-06 00:36:35,,虎粮,1
淡沫≡°,2021-02-06 00:36:43,,虎粮,1
淡沫≡°,2021-02-06 00:36:43,,虎粮,1
曲奇大人,2021-02-06 00:36:51,,虎粮,35
花家军-醉…,2021-02-06 00:36:51,,虎粮,1
天堂里的魔…,2021-02-06 00:36:58,,虎粮,10
格罗姆地狱…,2021-02-06 00:38:07,,虎粮,1
格罗姆地狱…,2021-02-06 00:38:15,,虎粮,1
占戈鼠术,2021-02-06 00:38:38,,虎粮,66
不打烊酒馆,2021-02-06 00:40:31,,虎粮,27
張冰Rub…,2021-02-06 00:40:46,,虎粮,1
張冰Rub…,2021-02-06 00:40:54,,虎粮,1
張冰Rub…,2021-02-06 00:41:02,,虎粮,1
張冰Rub…,2021-02-06 00:41:02,,虎粮,1
張冰Rub…,2021-02-06 00:41:09,,虎粮,1
不爱说话的…,2021-02-06 00:41:17,,虎粮,30
不爱说话的…,2021-02-06 00:41:17,,虎粮,30
林小轩,2021-02-06 00:41:40,,虎粮,66
林小轩,2021-02-06 00:41:40,,虎粮,10
林小轩,2021-02-06 00:41:40,,虎粮,1
林小轩,2021-02-06 00:41:48,,虎粮,1
嘟嘟,2021-02-06 00:41:48,,虎粮,1
忒,2021-02-06 00:41:56,,虎粮,30
忒,2021-02-06 00:41:56,,虎粮,1
忒,2021-02-06 00:42:04,,虎粮,1
___ 花…,2021-02-06 00:43:44,,虎粮,30
___ 花…,2021-02-06 00:43:44,,虎粮,30
___ 花…,2021-02-06 00:43:51,,虎粮,10
___ 花…,2021-02-06 00:43:51,,虎粮,1
后知后觉,2021-02-06 00:44:14,,虎粮,10
九九,2021-02-06 00:45:22,,虎粮,1
骚哥的大表…,2021-02-06 00:45:53,,虎粮,50
° J …,2021-02-06 00:46:54,,虎粮,30
吴嘛吃5,2021-02-06 00:47:09,,虎粮,146
° J …,2021-02-06 00:47:09,,虎粮,1
° J …,2021-02-06 00:47:17,,虎粮,1
空空非空,2021-02-06 00:47:56,,虎粮,10
大能耐哦,2021-02-06 00:48:50,,虎粮,10
大能耐哦,2021-02-06 00:48:57,,虎粮,1
大能耐哦,2021-02-06 00:48:57,,虎粮,1
zentz…,2021-02-06 00:49:36,,虎粮,10
zentz…,2021-02-06 00:49:36,,虎粮,10
Ares、…,2021-02-06 00:49:59,,虎粮,10
Ares、…,2021-02-06 00:49:59,,虎粮,10
有友忧友,2021-02-06 00:50:30,,虎粮,1
有友忧友,2021-02-06 00:50:30,,虎粮,1
有友忧友,2021-02-06 00:50:38,,虎粮,1
___ 花一样的尛訫態 °,2021-02-06 00:50:38,.,,
目欲阳光,2021-02-06 00:51:31,,虎粮,10
目欲阳光,2021-02-06 00:51:31,,虎粮,10
___ 花一样的尛訫態 °,2021-02-06 00:52:47,,爆竹,10
随风ONE…,2021-02-06 00:53:25,,虎粮,10
老骚猫,2021-02-06 00:53:52,,虎粮,66
老骚猫,2021-02-06 00:53:52,,虎粮,32
老余,2021-02-06 00:54:13,,虎粮,30
老余,2021-02-06 00:54:13,,虎粮,30
老余,2021-02-06 00:54:13,,虎粮,10
远方的家,2021-02-06 00:55:34,,虎粮,10
无敌老骚骚…,2021-02-06 00:55:54,,虎粮,35
晨鸡不是鸡…,2021-02-06 00:57:14,,虎粮,10
挽歌,2021-02-06 00:58:13,,虎粮,76
丨壹擊必殺…,2021-02-06 00:59:01,,虎粮,1
丨壹擊必殺…,2021-02-06 00:59:01,,虎粮,1
丨壹擊必殺…,2021-02-06 00:59:11,,虎粮,1
听海锝音律,2021-02-06 00:59:59,,虎粮,66
醒了再睡,2021-02-06 01:01:05,,虎粮,15
暗香飘雪,2021-02-06 01:01:05,,虎粮,10
linkp…,2021-02-06 01:03:09,,虎粮,1
linkp…,2021-02-06 01:03:09,,虎粮,1
linkp…,2021-02-06 01:03:18,,虎粮,1
linkp…,2021-02-06 01:03:18,,虎粮,10
linkp…,2021-02-06 01:03:18,,虎粮,10
朱雀·弗洛…,2021-02-06 01:04:26,,虎粮,1
朱雀·弗洛…,2021-02-06 01:04:27,,虎粮,1
朱雀·弗洛…,2021-02-06 01:04:27,,虎粮,1
我是一颗小…,2021-02-06 01:06:12,,虎粮,40
泰♞迪,2021-02-06 01:06:21,,虎粮,1
泰♞迪,2021-02-06 01:06:21,,虎粮,1
泰♞迪,2021-02-06 01:06:21,,虎粮,1
泰♞迪,2021-02-06 01:06:21,,虎粮,1
泰♞迪,2021-02-06 01:06:31,,虎粮,1
游戏人间,2021-02-06 01:06:50,,虎粮,100
【青 ╬ …,2021-02-06 01:07:20,,虎粮,10
Start…,2021-02-06 01:09:04,,虎粮,30
Start…,2021-02-06 01:09:05,,虎粮,10
Start…,2021-02-06 01:09:14,,虎粮,10
無間涅槃,2021-02-06 01:09:14,,虎粮,40
丶莫倾颜,2021-02-06 01:11:32,,虎粮,1
易者語氷,2021-02-06 01:12:01,,虎粮,1
泛泛之辈,2021-02-06 01:12:10,,虎粮,10
流氓灬邪神,2021-02-06 01:13:35,,虎粮,15
哈啦晓酷,2021-02-06 01:14:24,,虎粮,70
三七五十六,2021-02-06 01:14:33,,虎粮,10
落花流水水…,2021-02-06 01:19:47,,虎粮,1
冀C战列舰,2021-02-06 01:21:32,,虎粮,1
冀C战列舰,2021-02-06 01:21:32,,虎粮,1
冀C战列舰,2021-02-06 01:21:42,,虎粮,1
丿潜水26…,2021-02-06 01:24:53,,虎粮,1
丿潜水26…,2021-02-06 01:25:03,,虎粮,1
丿潜水26…,2021-02-06 01:25:03,,虎粮,30
852-霜…,2021-02-06 01:27:25,,虎粮,1
荣荣树林,2021-02-06 01:27:34,,虎粮,1
荣荣树林,2021-02-06 01:27:44,,虎粮,1
灬烈焰狂狮…,2021-02-06 01:31:32,,虎粮,10
南京佬丶,2021-02-06 01:32:09,,虎粮,1
白言Cc,2021-02-06 01:35:21,,虎粮,1
东陵九皇叔,2021-02-06 01:35:39,,虎粮,30
东陵九皇叔,2021-02-06 01:35:39,,虎粮,10
( ͡° …,2021-02-06 01:36:43,,虎粮,45
SS,2021-02-06 01:38:14,你可活着死了我都不知道干啥了,,
Ronin,2021-02-06 01:42:03,,虎粮,66
@_@,2021-02-06 01:42:30,,虎粮,30
黑光,2021-02-06 01:42:58,,虎粮,1
弹指～灰飞…,2021-02-06 01:43:26,,虎粮,1
弹指～灰飞…,2021-02-06 01:43:26,,虎粮,1
弹指～灰飞…,2021-02-06 01:43:36,,虎粮,1
弹指～灰飞…,2021-02-06 01:43:36,,虎粮,1
踏雪💓 寻…,2021-02-06 01:43:36,,虎粮,1
踏雪💓 寻…,2021-02-06 01:43:46,,虎粮,1
喜子,2021-02-06 01:44:05,,虎粮,1
喜子,2021-02-06 01:44:14,,虎粮,1
春暖雪融,2021-02-06 01:46:48,,虎粮,1
松哥爱玩吕…,2021-02-06 01:47:18,,虎粮,1
湫兮如风,2021-02-06 01:49:30,,虎粮,30
土豆王~,2021-02-06 01:50:43,,虎粮,30
彼岸乂花开,2021-02-06 01:52:32,,虎粮,66
粘豆包,2021-02-06 02:09:15,,虎粮,1
粘豆包,2021-02-06 02:09:24,,虎粮,1
微笑前行运气一定不会差,2021-02-06 02:24:22,上香啦！！！！！！！,,
微笑前行运气一定不会差,2021-02-06 02:24:22,上香啦！！！！！！！,,
微笑前行运气一定不会差,2021-02-06 02:24:31,上香啦！！！！！！！,,
微笑前行运…,2021-02-06 02:24:31,,虎粮,1
微笑前行运…,2021-02-06 02:24:39,,虎粮,1
佛渡今生,2021-02-06 02:25:44,,虎粮,30
佛渡今生,2021-02-06 02:25:44,,虎粮,10
佛渡今生,2021-02-06 02:25:54,,虎粮,10
我小姨子的…,2021-02-06 02:31:01,,虎粮,10
我小姨子的…,2021-02-06 02:31:11,,虎粮,10
Y oob…,2021-02-06 02:32:59,,虎粮,1
Y oob…,2021-02-06 02:32:59,,虎粮,1
Y oob…,2021-02-06 02:33:08,,虎粮,1
老骚猫,2021-02-06 02:35:23,,虎粮,1
老骚猫,2021-02-06 02:35:24,,虎粮,1
老骚猫,2021-02-06 02:35:24,,虎粮,1
老骚猫,2021-02-06 02:35:24,,虎粮,1
老骚猫,2021-02-06 02:35:33,,虎粮,1
老骚猫,2021-02-06 02:35:33,,虎粮,1
老骚猫,2021-02-06 02:35:33,,虎粮,1
老骚猫,2021-02-06 02:35:34,,虎粮,1
老骚猫,2021-02-06 02:35:34,,虎粮,1
妖孽,2021-02-06 02:38:32,,虎粮,10
妖孽,2021-02-06 02:38:32,,虎粮,10
妖孽,2021-02-06 02:38:32,,虎粮,1
妖孽,2021-02-06 02:38:42,,虎粮,1
大哥别杀我,2021-02-06 02:41:34,,虎粮,1
福星,2021-02-06 02:42:50,,虎粮,30
你是谁我又…,2021-02-06 02:43:37,,虎粮,1
穿插,2021-02-06 02:48:02,,虎粮,70
弱智骚年,2021-02-06 02:48:02,,虎粮,47
逍遥的大仙,2021-02-06 02:51:09,,虎粮,36
神采飞扬,2021-02-06 02:53:48,,虎粮,1
小红豆,2021-02-06 03:17:58,,虎粮,10
小红豆,2021-02-06 03:18:07,,虎粮,10
我是一颗小…,2021-02-06 03:18:07,,虎粮,10
酒 真的…,2021-02-06 03:30:16,,虎粮,10
断腿狂魔,2021-02-06 03:48:26,,虎粮,30
断腿狂魔,2021-02-06 03:48:35,,虎粮,10
断腿狂魔,2021-02-06 03:48:36,,虎粮,10
codeP…,2021-02-06 03:54:20,,虎粮,30
codeP…,2021-02-06 03:54:20,,虎粮,10
亻可凡,2021-02-06 04:06:19,,虎粮,1
亻可凡,2021-02-06 04:06:28,,虎粮,1
亻可凡,2021-02-06 04:06:28,,虎粮,30
凌小兔-,2021-02-06 04:18:50,,虎粮,20
陌路相逢,2021-02-06 04:18:50,,虎粮,10
Reset,2021-02-06 04:35:44,,虎粮,1
蟹某人,2021-02-06 05:11:23,,虎粮,10
【3868…,2021-02-06 05:34:14,,虎粮,1
佳琪,2021-02-06 06:13:31,,虎粮,3
浮尘煮水【…,2021-02-06 06:23:38,,虎粮,1
浮尘煮水【…,2021-02-06 06:23:46,,虎粮,1
国庆,2021-02-06 06:59:31,,虎粮,32
因为帅所以…,2021-02-06 07:23:21,,虎粮,50
弗拉基米尔…,2021-02-06 07:33:05,,虎粮,10
重生曼波,2021-02-06 07:40:18,,虎粮,30
简单点,2021-02-06 07:47:41,,虎粮,50
蟾蜍精,2021-02-06 07:52:15,,虎粮,10
蟾蜍精,2021-02-06 07:52:15,,虎粮,10
蟾蜍精,2021-02-06 07:52:15,,虎粮,1
蟾蜍精,2021-02-06 07:52:24,,虎粮,1
呆呆的啊呆,2021-02-06 07:53:08,,虎粮,40
t66,2021-02-06 08:19:17,,虎粮,1
Phoen…,2021-02-06 08:20:03,,虎粮,24
95,2021-02-06 08:23:06,,,
95,2021-02-06 08:23:16,,虎粮,50
巡逻弟子,2021-02-06 08:32:16,,虎粮,3
辉哥,2021-02-06 08:37:52,,虎粮,1
山上河,2021-02-06 08:38:36,,虎粮,1
马放南山,2021-02-06 08:55:31,,虎粮,30
頑徒思睿,2021-02-06 08:56:15,,虎粮,1
頑徒思睿,2021-02-06 08:56:24,,虎粮,1
_Sorr…,2021-02-06 09:05:36,,虎粮,1
狼桃,2021-02-06 09:13:03,,虎粮,1
狼桃,2021-02-06 09:13:03,,虎粮,1
丶纸篓,2021-02-06 09:23:10,,虎粮,21
投降投降,2021-02-06 09:28:28,,虎粮,1
QS 紫…,2021-02-06 09:39:58,,爆竹,1
AirFD…,2021-02-06 09:45:02,,虎粮,66
AirFD…,2021-02-06 09:45:11,,虎粮,10
AirFD…,2021-02-06 09:45:11,,虎粮,1
AirFD…,2021-02-06 09:45:20,,虎粮,1
随缘,2021-02-06 09:46:15,,虎粮,50
紫色鸢尾花,2021-02-06 09:56:16,,虎粮,10
紫色鸢尾花,2021-02-06 09:56:16,,虎粮,10
紫色鸢尾花,2021-02-06 09:56:17,,虎粮,30
紫色鸢尾花,2021-02-06 09:56:26,,虎粮,30
墨比卡巴,2021-02-06 09:57:11,,虎粮,10
墨比卡巴,2021-02-06 09:57:11,,虎粮,10
帐篷飞哥,2021-02-06 09:58:18,,虎粮,30
馬賽克,2021-02-06 10:04:41,,虎粮,50
Prof …,2021-02-06 10:11:16,,虎粮,10
Prof …,2021-02-06 10:11:16,,虎粮,10
Prof …,2021-02-06 10:11:26,,虎粮,10
穆,2021-02-06 10:14:16,,虎粮,10
老骚老洗家…,2021-02-06 10:22:04,,虎粮,10
老骚老洗家…,2021-02-06 10:22:04,,虎粮,10
阿尔托,2021-02-06 10:24:21,,虎粮,1
garfi…,2021-02-06 10:26:11,,虎粮,1
聪前,2021-02-06 10:28:16,,虎粮,1
炮仗嘿嘿,2021-02-06 10:28:26,,虎粮,42
余生,2021-02-06 10:28:44,,虎粮,10
猫咪杰克我…,2021-02-06 10:28:53,,虎粮,10
猫咪杰克我…,2021-02-06 10:28:54,,虎粮,10
红色暴力,2021-02-06 10:31:50,,虎粮,1
红色暴力,2021-02-06 10:31:59,,虎粮,1
逍遥猫,2021-02-06 10:33:31,,虎粮,10
四四如意,2021-02-06 10:33:41,,虎粮,1
逍遥猫,2021-02-06 10:33:50,,虎粮,10
只为你,2021-02-06 10:44:00,,虎粮,30
只为你,2021-02-06 10:44:00,,虎粮,10
只为你,2021-02-06 10:44:00,,虎粮,10
只为你,2021-02-06 10:44:00,,虎粮,1
只为你,2021-02-06 10:44:09,,虎粮,1
